2025-11-05 20:19:23.638 | DEBUG    | src.core.clients.api_client:wrapper:23 - Request PATH: /user. Body {'id': 7758, 'username': 'veronica42', 'firstname': 'Sara', 'lastname': 'Hendrix', 'email': 'candice18@example.net', 'password': 'H&Z8DxT+^%', 'phone': '(226)533-4563x628', 'user_status': 1}. Header: None Params: None
2025-11-05 20:19:23.639 | DEBUG    | src.core.clients.api_client:wrapper:23 - Request PATH: /user. Body {'id': 2, 'username': 'phillipseric', 'firstname': 'John', 'lastname': 'Stewart', 'email': 'raymond11@example.net', 'password': '%I08YrLVr@', 'phone': '938.826.1413', 'user_status': 5}. Header: None Params: None
2025-11-05 20:19:23.640 | DEBUG    | src.core.clients.api_client:wrapper:23 - Request PATH: None. Body None. Header: None Params: None
2025-11-05 20:19:23.641 | DEBUG    | src.core.clients.api_client:wrapper:23 - Request PATH: /user/createWithList. Body [{'id': 758452232, 'username': 'zwright', 'firstname': 'Sharon', 'lastname': 'Wilson', 'email': 'yaustin@example.net', 'password': '^o*7UZo0UQ', 'phone': '+1-303-834-9961x38763', 'user_status': 1}, {'id': 605882880, 'username': 'xdavila', 'firstname': 'Eduardo', 'lastname': 'Bailey', 'email': 'brandi25@example.net', 'password': 'T^9CzPq8pH', 'phone': '001-644-418-4263x7762', 'user_status': 5}]. Header: None Params: None
2025-11-05 20:19:24.889 | DEBUG    | src.core.clients.api_client:wrapper:26 - Response from /user/createWithList: 200 | {"code":200,"type":"unknown","message":"ok"}
2025-11-05 20:19:24.892 | DEBUG    | src.application.utils.api_assertions:assert_status_code:16 - Valid response for https://petstore.swagger.io/v2/user/createWithList: {"code":200,"type":"unknown","message":"ok"}
2025-11-05 20:19:24.892 | DEBUG    | src.core.clients.api_client:wrapper:26 - Response from /user: 200 | {"code":200,"type":"unknown","message":"7758"}
2025-11-05 20:19:24.893 | DEBUG    | src.application.utils.api_assertions:assert_status_code:16 - Valid response for https://petstore.swagger.io/v2/user: {"code":200,"type":"unknown","message":"7758"}
2025-11-05 20:19:24.895 | DEBUG    | src.core.clients.api_client:wrapper:23 - Request PATH: /user/veronica42. Body None. Header: None Params: None
2025-11-05 20:19:24.900 | DEBUG    | src.core.clients.api_client:wrapper:23 - Request PATH: /user/createWithList. Body [{'id': 880993, 'username': 'pwilliams', 'firstname': 'April', 'lastname': 'Stokes', 'email': 'christopher10@example.org', 'password': 'xxv4$SkhA!', 'phone': '+1-267-818-5980x9705', 'user_status': 2}, {'id': 5613, 'username': 'richard73', 'firstname': 'Stephen', 'lastname': 'Austin', 'email': 'williamsonsamuel@example.org', 'password': 'kn5V2fBR*3', 'phone': '(893)562-6999x25122', 'user_status': 4}, {'id': 8528217, 'username': 'stacy62', 'firstname': 'Phillip', 'lastname': 'Delgado', 'email': 'erikamacias@example.net', 'password': 'bdF6eNh2N^', 'phone': '001-998-688-5531x135', 'user_status': 2}, {'id': 1, 'username': 'theodoregarner', 'firstname': 'Shannon', 'lastname': 'Lang', 'email': 'qchaney@example.com', 'password': '$^9gOImx29', 'phone': '(570)942-6836', 'user_status': 2}, {'id': 2417, 'username': 'erin64', 'firstname': 'Shelly', 'lastname': 'Barker', 'email': 'arnoldmatthew@example.com', 'password': '0+7K9Kkv*P', 'phone': '+1-961-701-6289x80190', 'user_status': 5}, {'id': 69, 'username': 'adamsstephanie', 'firstname': 'Brandi', 'lastname': 'King', 'email': 'martinandrea@example.net', 'password': '%0VGUFzWm0', 'phone': '001-517-850-4583x00344', 'user_status': 3}, {'id': 866448, 'username': 'marco27', 'firstname': 'Angela', 'lastname': 'Romero', 'email': 'perezkelly@example.org', 'password': '#4pV@Wbjs*', 'phone': '497.677.9855', 'user_status': 5}, {'id': 949894, 'username': 'elizabeth63', 'firstname': 'Abigail', 'lastname': 'Clark', 'email': 'joconley@example.org', 'password': '@p00Cb_$Kp', 'phone': '428.368.8203x3835', 'user_status': 1}, {'id': 8382737, 'username': 'hfowler', 'firstname': 'Sara', 'lastname': 'Ford', 'email': 'zgarcia@example.com', 'password': 'P3&4bnXhqG', 'phone': '308-272-3441x885', 'user_status': 4}, {'id': 3132, 'username': 'connie87', 'firstname': 'James', 'lastname': 'Hogan', 'email': 'iwaters@example.org', 'password': '^0HAenl*1Q', 'phone': '(228)925-9367x77492', 'user_status': 4}]. Header: None Params: None
2025-11-05 20:19:24.904 | DEBUG    | src.core.clients.api_client:wrapper:26 - Response from None: 200 | {"totvs":3,"sold":73,"доступен":1,"string":33,"Avaliable":1,"For Sale":1,"pending":61,"available":353,"veniam":1,"hTtP://129.84.2.120/serverinclude.html?pending":1,"123":1,"act":1,"Sold":1,"id pariatur":1,"invalid":2,"soldd":4,"Available":3,"НЕдоступен":1,"dog":1,"Not available":1}
2025-11-05 20:19:24.906 | DEBUG    | src.application.utils.api_assertions:assert_status_code:16 - Valid response for https://petstore.swagger.io/v2/store/inventory: {"totvs":3,"sold":73,"доступен":1,"string":33,"Avaliable":1,"For Sale":1,"pending":61,"available":353,"veniam":1,"hTtP://129.84.2.120/serverinclude.html?pending":1,"123":1,"act":1,"Sold":1,"id pariatur":1,"invalid":2,"soldd":4,"Available":3,"НЕдоступен":1,"dog":1,"Not available":1}
2025-11-05 20:19:24.906 | DEBUG    | src.application.utils.api_assertions:assert_status_code:16 - Valid response for https://petstore.swagger.io/v2/user: {"code":200,"type":"unknown","message":"2"}
2025-11-05 20:19:24.912 | DEBUG    | src.core.clients.api_client:wrapper:23 - Request PATH: None. Body None. Header: None Params: None
2025-11-05 20:19:24.914 | DEBUG    | src.core.clients.api_client:wrapper:23 - Request PATH: /user/createWithList. Body [{'id': 307050568, 'username': 'kellyprice', 'firstname': 'Leslie', 'lastname': 'Giles', 'email': 'washingtontodd@example.net', 'password': '%%X2RhTq13', 'phone': '420.801.6396', 'user_status': 2}]. Header: None Params: None
2025-11-05 20:19:25.083 | DEBUG    | src.core.clients.api_client:wrapper:26 - Response from /user/veronica42: 404 | 
2025-11-05 20:19:25.084 | ERROR    | src.application.utils.api_assertions:assert_status_code:18 - Invalid response code: 404. Response body: 
2025-11-05 20:19:25.088 | DEBUG    | src.core.clients.api_client:wrapper:26 - Response from /user/createWithList: 200 | {"code":200,"type":"unknown","message":"ok"}
2025-11-05 20:19:25.089 | DEBUG    | src.application.utils.api_assertions:assert_status_code:16 - Valid response for https://petstore.swagger.io/v2/user/createWithList: {"code":200,"type":"unknown","message":"ok"}
2025-11-05 20:19:25.095 | DEBUG    | src.core.clients.api_client:wrapper:23 - Request PATH: /user. Body {'id': 7352, 'username': 'tracey12', 'firstname': 'Zachary', 'lastname': 'Brooks', 'email': 'eric98@example.org', 'password': 'c(9G_Uakx)', 'phone': '+1-740-523-4443x76504', 'user_status': 5}. Header: None Params: None
2025-11-05 20:19:25.098 | DEBUG    | src.core.clients.api_client:wrapper:26 - Response from None: 200 | {"id":1,"petId":0,"quantity":0,"shipDate":"2023-03-27T02:14:59.643+0000","status":"placed","complete":true}
2025-11-05 20:19:25.099 | DEBUG    | src.application.utils.api_assertions:assert_status_code:16 - Valid response for https://petstore.swagger.io/v2/store/order/1: {"id":1,"petId":0,"quantity":0,"shipDate":"2023-03-27T02:14:59.643+0000","status":"placed","complete":true}
2025-11-05 20:19:25.104 | DEBUG    | src.core.clients.api_client:wrapper:26 - Response from /user/createWithList: 200 | {"code":200,"type":"unknown","message":"ok"}
2025-11-05 20:19:25.105 | DEBUG    | src.application.utils.api_assertions:assert_status_code:16 - Valid response for https://petstore.swagger.io/v2/user/createWithList: {"code":200,"type":"unknown","message":"ok"}
2025-11-05 20:19:25.280 | DEBUG    | src.core.clients.api_client:wrapper:26 - Response from /user: 200 | {"code":200,"type":"unknown","message":"7352"}
2025-11-05 20:19:25.281 | DEBUG    | src.application.utils.api_assertions:assert_status_code:16 - Valid response for https://petstore.swagger.io/v2/user: {"code":200,"type":"unknown","message":"7352"}
2025-11-05 20:19:25.282 | DEBUG    | src.core.clients.api_client:wrapper:23 - Request PATH: /user/tracey12. Body {'id': 7352, 'username': 'tracey12', 'firstname': 'Zachary', 'lastname': 'Brooks', 'email': 'eric98@example.org', 'password': 'c(9G_Uakx)', 'phone': '+1-740-523-4443x76504', 'user_status': 5}. Header: None Params: None
2025-11-05 20:19:25.468 | DEBUG    | src.core.clients.api_client:wrapper:26 - Response from /user/tracey12: 200 | {"code":200,"type":"unknown","message":"7352"}
2025-11-05 20:19:25.469 | DEBUG    | src.application.utils.api_assertions:assert_status_code:16 - Valid response for https://petstore.swagger.io/v2/user/tracey12: {"code":200,"type":"unknown","message":"7352"}
2025-11-05 20:19:30.254 | DEBUG    | src.core.clients.api_client:wrapper:23 - Request PATH: /user. Body {'id': 87057, 'username': 'alexwood', 'firstname': 'Mario', 'lastname': 'Mayo', 'email': 'gonzalezmonica@example.org', 'password': '(NW0U4bqz6', 'phone': '932-443-1133x3674', 'user_status': 3}. Header: None Params: None
2025-11-05 20:19:30.441 | DEBUG    | src.core.clients.api_client:wrapper:26 - Response from /user: 200 | {"code":200,"type":"unknown","message":"87057"}
2025-11-05 20:19:30.442 | DEBUG    | src.application.utils.api_assertions:assert_status_code:16 - Valid response for https://petstore.swagger.io/v2/user: {"code":200,"type":"unknown","message":"87057"}
2025-11-05 20:19:30.443 | DEBUG    | src.core.clients.api_client:wrapper:23 - Request PATH: /user/alexwood. Body None. Header: None Params: None
2025-11-05 20:19:30.630 | DEBUG    | src.core.clients.api_client:wrapper:26 - Response from /user/alexwood: 404 | 
2025-11-05 20:19:30.633 | ERROR    | src.application.utils.api_assertions:assert_status_code:18 - Invalid response code: 404. Response body: 
2025-11-05 20:19:35.653 | DEBUG    | src.core.clients.api_client:wrapper:23 - Request PATH: /user. Body {'id': 9450492, 'username': 'vgardner', 'firstname': 'Angela', 'lastname': 'Martin', 'email': 'christopher40@example.org', 'password': 'r94BeIMr+d', 'phone': '+1-322-340-6837x8209', 'user_status': 2}. Header: None Params: None
2025-11-05 20:19:35.841 | DEBUG    | src.core.clients.api_client:wrapper:26 - Response from /user: 200 | {"code":200,"type":"unknown","message":"9450492"}
2025-11-05 20:19:35.842 | DEBUG    | src.application.utils.api_assertions:assert_status_code:16 - Valid response for https://petstore.swagger.io/v2/user: {"code":200,"type":"unknown","message":"9450492"}
2025-11-05 20:19:35.844 | DEBUG    | src.core.clients.api_client:wrapper:23 - Request PATH: /user/vgardner. Body None. Header: None Params: None
2025-11-05 20:19:36.030 | DEBUG    | src.core.clients.api_client:wrapper:26 - Response from /user/vgardner: 404 | 
2025-11-05 20:19:36.032 | ERROR    | src.application.utils.api_assertions:assert_status_code:18 - Invalid response code: 404. Response body: 
2025-11-05 20:19:41.050 | DEBUG    | src.core.clients.api_client:wrapper:23 - Request PATH: /user. Body {'id': 90695, 'username': 'terrysophia', 'firstname': 'Frank', 'lastname': 'Chang', 'email': 'dennis68@example.net', 'password': '7@tP&5OrhE', 'phone': '+1-749-761-8881', 'user_status': 1}. Header: None Params: None
2025-11-05 20:19:41.237 | DEBUG    | src.core.clients.api_client:wrapper:26 - Response from /user: 200 | {"code":200,"type":"unknown","message":"90695"}
2025-11-05 20:19:41.239 | DEBUG    | src.application.utils.api_assertions:assert_status_code:16 - Valid response for https://petstore.swagger.io/v2/user: {"code":200,"type":"unknown","message":"90695"}
2025-11-05 20:19:41.240 | DEBUG    | src.core.clients.api_client:wrapper:23 - Request PATH: /user/terrysophia. Body None. Header: None Params: None
2025-11-05 20:19:41.426 | DEBUG    | src.core.clients.api_client:wrapper:26 - Response from /user/terrysophia: 404 | 
2025-11-05 20:19:41.427 | ERROR    | src.application.utils.api_assertions:assert_status_code:18 - Invalid response code: 404. Response body: 
2025-11-05 20:19:41.442 | DEBUG    | src.core.clients.api_client:wrapper:23 - Request PATH: /user. Body {'id': 7380574, 'username': 'iwarren', 'firstname': 'Christopher', 'lastname': 'Cross', 'email': 'robert05@example.net', 'password': 'Ba#mk9Jlc7', 'phone': '740-403-0148x825', 'user_status': 2}. Header: None Params: None
2025-11-05 20:19:41.628 | DEBUG    | src.core.clients.api_client:wrapper:26 - Response from /user: 200 | {"code":200,"type":"unknown","message":"7380574"}
2025-11-05 20:19:41.630 | DEBUG    | src.application.utils.api_assertions:assert_status_code:16 - Valid response for https://petstore.swagger.io/v2/user: {"code":200,"type":"unknown","message":"7380574"}
2025-11-05 20:19:41.632 | DEBUG    | src.core.clients.api_client:wrapper:23 - Request PATH: /user/iwarren. Body None. Header: None Params: None
2025-11-05 20:19:41.821 | DEBUG    | src.core.clients.api_client:wrapper:26 - Response from /user/iwarren: 404 | {"code":1,"type":"error","message":"User not found"}
2025-11-05 20:19:41.823 | ERROR    | src.application.utils.api_assertions:assert_status_code:18 - Invalid response code: 404. Response body: {"code":1,"type":"error","message":"User not found"}
2025-11-05 20:19:46.841 | DEBUG    | src.core.clients.api_client:wrapper:23 - Request PATH: /user. Body {'id': 1772939, 'username': 'mooreanna', 'firstname': 'Joshua', 'lastname': 'Lin', 'email': 'gjones@example.org', 'password': 'ZNJb2ZEc!J', 'phone': '(392)322-2357', 'user_status': 4}. Header: None Params: None
2025-11-05 20:19:47.026 | DEBUG    | src.core.clients.api_client:wrapper:26 - Response from /user: 200 | {"code":200,"type":"unknown","message":"1772939"}
2025-11-05 20:19:47.027 | DEBUG    | src.application.utils.api_assertions:assert_status_code:16 - Valid response for https://petstore.swagger.io/v2/user: {"code":200,"type":"unknown","message":"1772939"}
2025-11-05 20:19:47.028 | DEBUG    | src.core.clients.api_client:wrapper:23 - Request PATH: /user/mooreanna. Body None. Header: None Params: None
2025-11-05 20:19:47.215 | DEBUG    | src.core.clients.api_client:wrapper:26 - Response from /user/mooreanna: 404 | {"code":1,"type":"error","message":"User not found"}
2025-11-05 20:19:47.216 | ERROR    | src.application.utils.api_assertions:assert_status_code:18 - Invalid response code: 404. Response body: {"code":1,"type":"error","message":"User not found"}
2025-11-05 20:19:52.233 | DEBUG    | src.core.clients.api_client:wrapper:23 - Request PATH: /user. Body {'id': 60238, 'username': 'carolsmith', 'firstname': 'David', 'lastname': 'Shaw', 'email': 'hvelasquez@example.com', 'password': '@$820UCu9H', 'phone': '398.768.2730', 'user_status': 1}. Header: None Params: None
2025-11-05 20:19:52.420 | DEBUG    | src.core.clients.api_client:wrapper:26 - Response from /user: 200 | {"code":200,"type":"unknown","message":"60238"}
2025-11-05 20:19:52.421 | DEBUG    | src.application.utils.api_assertions:assert_status_code:16 - Valid response for https://petstore.swagger.io/v2/user: {"code":200,"type":"unknown","message":"60238"}
2025-11-05 20:19:52.423 | DEBUG    | src.core.clients.api_client:wrapper:23 - Request PATH: /user/carolsmith. Body None. Header: None Params: None
2025-11-05 20:19:52.619 | DEBUG    | src.core.clients.api_client:wrapper:26 - Response from /user/carolsmith: 404 | {"code":1,"type":"error","message":"User not found"}
2025-11-05 20:19:52.620 | ERROR    | src.application.utils.api_assertions:assert_status_code:18 - Invalid response code: 404. Response body: {"code":1,"type":"error","message":"User not found"}
2025-11-05 20:19:57.638 | DEBUG    | src.core.clients.api_client:wrapper:23 - Request PATH: /user. Body {'id': 252, 'username': 'christopherhiggins', 'firstname': 'Daniel', 'lastname': 'Norman', 'email': 'kaylamckinney@example.org', 'password': 'I0@2nXEyXP', 'phone': '606.719.3696', 'user_status': 5}. Header: None Params: None
2025-11-05 20:19:57.822 | DEBUG    | src.core.clients.api_client:wrapper:26 - Response from /user: 200 | {"code":200,"type":"unknown","message":"252"}
2025-11-05 20:19:57.823 | DEBUG    | src.application.utils.api_assertions:assert_status_code:16 - Valid response for https://petstore.swagger.io/v2/user: {"code":200,"type":"unknown","message":"252"}
2025-11-05 20:19:57.824 | DEBUG    | src.core.clients.api_client:wrapper:23 - Request PATH: /user/christopherhiggins. Body None. Header: None Params: None
2025-11-05 20:19:58.011 | DEBUG    | src.core.clients.api_client:wrapper:26 - Response from /user/christopherhiggins: 404 | {"code":1,"type":"error","message":"User not found"}
2025-11-05 20:19:58.012 | ERROR    | src.application.utils.api_assertions:assert_status_code:18 - Invalid response code: 404. Response body: {"code":1,"type":"error","message":"User not found"}
2025-11-05 20:20:48.434 | DEBUG    | src.core.clients.api_client:wrapper:23 - Request PATH: None. Body None. Header: None Params: None
2025-11-05 20:20:48.435 | DEBUG    | src.core.clients.api_client:wrapper:23 - Request PATH: /user. Body {'id': 9928, 'username': 'grosscynthia', 'firstname': 'David', 'lastname': 'Ramirez', 'email': 'tracyhenry@example.net', 'password': '$6J@ce^X97', 'phone': '001-293-911-2569x9914', 'user_status': 4}. Header: None Params: None
2025-11-05 20:20:48.435 | DEBUG    | src.core.clients.api_client:wrapper:23 - Request PATH: /user. Body {'id': 14018890, 'username': 'popedavid', 'firstname': 'Shelby', 'lastname': 'Dixon', 'email': 'fgray@example.org', 'password': '@TQ0+BLgHG', 'phone': '001-351-624-2166x8881', 'user_status': 5}. Header: None Params: None
2025-11-05 20:20:48.436 | DEBUG    | src.core.clients.api_client:wrapper:23 - Request PATH: /user/createWithList. Body [{'id': 9121, 'username': 'gregorymullins', 'firstname': 'David', 'lastname': 'Rodriguez', 'email': 'daniel69@example.com', 'password': 'AP!2Bber0b', 'phone': '627.375.1296', 'user_status': 2}, {'id': 5229507, 'username': 'richardsonmarc', 'firstname': 'Samantha', 'lastname': 'Powers', 'email': 'twalters@example.com', 'password': '$*XEb&b8R8', 'phone': '444-566-4963', 'user_status': 5}]. Header: None Params: None
2025-11-05 20:20:49.677 | DEBUG    | src.core.clients.api_client:wrapper:26 - Response from None: 200 | {"totvs":3,"sold":74,"mollit irure":1,"5000":1,"string":43,"invalid_status_xyz":3,"For Sale":1,"pending":45,"available":360,"Not Available":1,"done":1,"SOLD":1,"invalid":1,"soldd":1,"et magna aliqua":1,"Available":3,"НЕдоступен":1,"小学":1}
2025-11-05 20:20:49.680 | DEBUG    | src.application.utils.api_assertions:assert_status_code:16 - Valid response for https://petstore.swagger.io/v2/user/createWithList: {"code":200,"type":"unknown","message":"ok"}
2025-11-05 20:20:49.680 | DEBUG    | src.application.utils.api_assertions:assert_status_code:16 - Valid response for https://petstore.swagger.io/v2/store/inventory: {"totvs":3,"sold":74,"mollit irure":1,"5000":1,"string":43,"invalid_status_xyz":3,"For Sale":1,"pending":45,"available":360,"Not Available":1,"done":1,"SOLD":1,"invalid":1,"soldd":1,"et magna aliqua":1,"Available":3,"НЕдоступен":1,"小学":1}
2025-11-05 20:20:49.685 | DEBUG    | src.core.clients.api_client:wrapper:26 - Response from /user: 200 | {"code":200,"type":"unknown","message":"14018890"}
2025-11-05 20:20:49.685 | DEBUG    | src.core.clients.api_client:wrapper:26 - Response from /user: 200 | {"code":200,"type":"unknown","message":"9928"}
2025-11-05 20:20:49.686 | DEBUG    | src.application.utils.api_assertions:assert_status_code:16 - Valid response for https://petstore.swagger.io/v2/user: {"code":200,"type":"unknown","message":"14018890"}
2025-11-05 20:20:49.687 | DEBUG    | src.application.utils.api_assertions:assert_status_code:16 - Valid response for https://petstore.swagger.io/v2/user: {"code":200,"type":"unknown","message":"9928"}
2025-11-05 20:20:49.687 | DEBUG    | src.core.clients.api_client:wrapper:23 - Request PATH: None. Body None. Header: None Params: None
2025-11-05 20:20:49.688 | DEBUG    | src.core.clients.api_client:wrapper:23 - Request PATH: /user/grosscynthia. Body None. Header: None Params: None
2025-11-05 20:20:49.694 | DEBUG    | src.core.clients.api_client:wrapper:23 - Request PATH: /user/createWithList. Body [{'id': 3136708, 'username': 'sedwards', 'firstname': 'Maria', 'lastname': 'Clark', 'email': 'loripearson@example.com', 'password': 'l55UHTYf^g', 'phone': '795.642.8533x893', 'user_status': 1}, {'id': 58994, 'username': 'waterskelly', 'firstname': 'John', 'lastname': 'Thompson', 'email': 'zwilkinson@example.com', 'password': 'E9KBWh^w_(', 'phone': '440-503-7777', 'user_status': 2}, {'id': 33, 'username': 'alexis87', 'firstname': 'Justin', 'lastname': 'Smith', 'email': 'edwardfields@example.net', 'password': 'df2F5a(!s$', 'phone': '(833)554-5277', 'user_status': 1}, {'id': 5, 'username': 'grantpatrick', 'firstname': 'Susan', 'lastname': 'Villa', 'email': 'gilbertmonica@example.org', 'password': '&9n*Mx#hv*', 'phone': '+1-915-362-2177x5980', 'user_status': 1}, {'id': 81790, 'username': 'snyderfrank', 'firstname': 'Monica', 'lastname': 'Johnson', 'email': 'victoriaturner@example.com', 'password': 't&0O8HNsTT', 'phone': '707.922.6740x919', 'user_status': 3}, {'id': 3, 'username': 'meghan25', 'firstname': 'Linda', 'lastname': 'Jimenez', 'email': 'leslievaughn@example.net', 'password': 'ka0$0Oyn8u', 'phone': '001-608-928-8250x00997', 'user_status': 5}, {'id': 6048, 'username': 'brhodes', 'firstname': 'Daniel', 'lastname': 'Hill', 'email': 'masoncheryl@example.com', 'password': 'Q&sOL4Ox%z', 'phone': '001-251-488-8225x022', 'user_status': 5}, {'id': 9139, 'username': 'sjackson', 'firstname': 'Danielle', 'lastname': 'Ortiz', 'email': 'brooksmegan@example.net', 'password': '+z4K)hxykb', 'phone': '815-262-9158', 'user_status': 3}, {'id': 50312, 'username': 'christopher16', 'firstname': 'Joseph', 'lastname': 'Burgess', 'email': 'wilsonjesse@example.net', 'password': 'u5NTrIbf&F', 'phone': '5622528674', 'user_status': 1}, {'id': 878330, 'username': 'davismary', 'firstname': 'Richard', 'lastname': 'Lewis', 'email': 'rileyarthur@example.com', 'password': 'LHCnRTun!6', 'phone': '001-781-847-9269x32969', 'user_status': 5}]. Header: None Params: None
2025-11-05 20:20:49.694 | DEBUG    | src.core.clients.api_client:wrapper:23 - Request PATH: /user/createWithList. Body [{'id': 120968, 'username': 'mcclainvictor', 'firstname': 'Heather', 'lastname': 'Wu', 'email': 'odavis@example.net', 'password': '7zoS9bsI&!', 'phone': '477-236-2142x7863', 'user_status': 1}]. Header: None Params: None
2025-11-05 20:20:49.873 | DEBUG    | src.core.clients.api_client:wrapper:26 - Response from None: 404 | {"code":1,"type":"error","message":"Order not found"}
2025-11-05 20:20:49.875 | DEBUG    | src.core.clients.api_client:wrapper:26 - Response from /user/grosscynthia: 404 | 
2025-11-05 20:20:49.876 | ERROR    | src.application.utils.api_assertions:assert_status_code:18 - Invalid response code: 404. Response body: {"code":1,"type":"error","message":"Order not found"}
2025-11-05 20:20:49.878 | ERROR    | src.application.utils.api_assertions:assert_status_code:18 - Invalid response code: 404. Response body: 
2025-11-05 20:20:49.879 | DEBUG    | src.core.clients.api_client:wrapper:26 - Response from /user/createWithList: 200 | {"code":200,"type":"unknown","message":"ok"}
2025-11-05 20:20:49.881 | DEBUG    | src.application.utils.api_assertions:assert_status_code:16 - Valid response for https://petstore.swagger.io/v2/user/createWithList: {"code":200,"type":"unknown","message":"ok"}
2025-11-05 20:20:49.882 | DEBUG    | src.core.clients.api_client:wrapper:26 - Response from /user/createWithList: 200 | {"code":200,"type":"unknown","message":"ok"}
2025-11-05 20:20:49.883 | DEBUG    | src.application.utils.api_assertions:assert_status_code:16 - Valid response for https://petstore.swagger.io/v2/user/createWithList: {"code":200,"type":"unknown","message":"ok"}
2025-11-05 20:20:55.055 | DEBUG    | src.core.clients.api_client:wrapper:23 - Request PATH: None. Body None. Header: None Params: None
2025-11-05 20:20:55.059 | DEBUG    | src.core.clients.api_client:wrapper:23 - Request PATH: /user. Body {'id': 8147, 'username': 'tamaralawson', 'firstname': 'Aaron', 'lastname': 'Wilson', 'email': 'courtneybentley@example.com', 'password': '7+ANRSIr&2', 'phone': '001-489-838-4347x41140', 'user_status': 1}. Header: None Params: None
2025-11-05 20:20:55.242 | DEBUG    | src.core.clients.api_client:wrapper:26 - Response from None: 404 | {"code":1,"type":"error","message":"Order not found"}
2025-11-05 20:20:55.246 | ERROR    | src.application.utils.api_assertions:assert_status_code:18 - Invalid response code: 404. Response body: {"code":1,"type":"error","message":"Order not found"}
2025-11-05 20:20:55.246 | DEBUG    | src.core.clients.api_client:wrapper:26 - Response from /user: 200 | {"code":200,"type":"unknown","message":"8147"}
2025-11-05 20:20:55.248 | DEBUG    | src.application.utils.api_assertions:assert_status_code:16 - Valid response for https://petstore.swagger.io/v2/user: {"code":200,"type":"unknown","message":"8147"}
2025-11-05 20:20:55.250 | DEBUG    | src.core.clients.api_client:wrapper:23 - Request PATH: /user/tamaralawson. Body None. Header: None Params: None
2025-11-05 20:20:55.437 | DEBUG    | src.core.clients.api_client:wrapper:26 - Response from /user/tamaralawson: 404 | 
2025-11-05 20:20:55.440 | ERROR    | src.application.utils.api_assertions:assert_status_code:18 - Invalid response code: 404. Response body: 
2025-11-05 20:21:00.261 | DEBUG    | src.core.clients.api_client:wrapper:23 - Request PATH: None. Body None. Header: None Params: None
2025-11-05 20:21:00.446 | DEBUG    | src.core.clients.api_client:wrapper:26 - Response from None: 200 | {"id":1,"petId":0,"quantity":0,"shipDate":"2023-03-27T02:14:59.643+0000","status":"placed","complete":true}
2025-11-05 20:21:00.448 | DEBUG    | src.application.utils.api_assertions:assert_status_code:16 - Valid response for https://petstore.swagger.io/v2/store/order/1: {"id":1,"petId":0,"quantity":0,"shipDate":"2023-03-27T02:14:59.643+0000","status":"placed","complete":true}
2025-11-05 20:21:00.457 | DEBUG    | src.core.clients.api_client:wrapper:23 - Request PATH: /user. Body {'id': 94280, 'username': 'bmartin', 'firstname': 'Vincent', 'lastname': 'Santiago', 'email': 'kimberly95@example.com', 'password': '+^e2wdRoYd', 'phone': '+1-763-932-6270x694', 'user_status': 2}. Header: None Params: None
2025-11-05 20:21:00.457 | DEBUG    | src.core.clients.api_client:wrapper:23 - Request PATH: /user. Body {'id': 9771881, 'username': 'urodriguez', 'firstname': 'Carolyn', 'lastname': 'Mcfarland', 'email': 'acarroll@example.org', 'password': 'p#)Mg4Dr*x', 'phone': '878.778.1443x872', 'user_status': 1}. Header: None Params: None
2025-11-05 20:21:00.644 | DEBUG    | src.core.clients.api_client:wrapper:26 - Response from /user: 200 | {"code":200,"type":"unknown","message":"94280"}
2025-11-05 20:21:00.645 | DEBUG    | src.application.utils.api_assertions:assert_status_code:16 - Valid response for https://petstore.swagger.io/v2/user: {"code":200,"type":"unknown","message":"94280"}
2025-11-05 20:21:00.647 | DEBUG    | src.core.clients.api_client:wrapper:23 - Request PATH: /user/bmartin. Body None. Header: None Params: None
2025-11-05 20:21:00.836 | DEBUG    | src.core.clients.api_client:wrapper:26 - Response from /user/bmartin: 404 | 
2025-11-05 20:21:00.837 | ERROR    | src.application.utils.api_assertions:assert_status_code:18 - Invalid response code: 404. Response body: 
2025-11-05 20:21:01.417 | DEBUG    | src.core.clients.api_client:wrapper:26 - Response from /user: 200 | {"code":200,"type":"unknown","message":"9771881"}
2025-11-05 20:21:01.418 | DEBUG    | src.application.utils.api_assertions:assert_status_code:16 - Valid response for https://petstore.swagger.io/v2/user: {"code":200,"type":"unknown","message":"9771881"}
2025-11-05 20:21:01.419 | DEBUG    | src.core.clients.api_client:wrapper:23 - Request PATH: /user/urodriguez. Body {'id': 9771881, 'username': 'urodriguez', 'firstname': 'Carolyn', 'lastname': 'Mcfarland', 'email': 'acarroll@example.org', 'password': 'p#)Mg4Dr*x', 'phone': '878.778.1443x872', 'user_status': 1}. Header: None Params: None
2025-11-05 20:21:01.613 | DEBUG    | src.core.clients.api_client:wrapper:26 - Response from /user/urodriguez: 200 | {"code":200,"type":"unknown","message":"9771881"}
2025-11-05 20:21:01.614 | DEBUG    | src.application.utils.api_assertions:assert_status_code:16 - Valid response for https://petstore.swagger.io/v2/user/urodriguez: {"code":200,"type":"unknown","message":"9771881"}
2025-11-05 20:21:05.855 | DEBUG    | src.core.clients.api_client:wrapper:23 - Request PATH: /user. Body {'id': 524, 'username': 'anthonyrice', 'firstname': 'Maria', 'lastname': 'Webb', 'email': 'christinarussell@example.org', 'password': 'f8Cj6_c+)2', 'phone': '001-310-700-2173', 'user_status': 2}. Header: None Params: None
2025-11-05 20:21:06.041 | DEBUG    | src.core.clients.api_client:wrapper:26 - Response from /user: 200 | {"code":200,"type":"unknown","message":"524"}
2025-11-05 20:21:06.043 | DEBUG    | src.application.utils.api_assertions:assert_status_code:16 - Valid response for https://petstore.swagger.io/v2/user: {"code":200,"type":"unknown","message":"524"}
2025-11-05 20:21:06.044 | DEBUG    | src.core.clients.api_client:wrapper:23 - Request PATH: /user/anthonyrice. Body None. Header: None Params: None
2025-11-05 20:21:06.231 | DEBUG    | src.core.clients.api_client:wrapper:26 - Response from /user/anthonyrice: 404 | 
2025-11-05 20:21:06.233 | ERROR    | src.application.utils.api_assertions:assert_status_code:18 - Invalid response code: 404. Response body: 
2025-11-05 20:21:06.245 | DEBUG    | src.core.clients.api_client:wrapper:23 - Request PATH: /user. Body {'id': 44, 'username': 'chendaniel', 'firstname': 'David', 'lastname': 'Hansen', 'email': 'adixon@example.org', 'password': '1J!5x_t+7@', 'phone': '677-220-7194x697', 'user_status': 3}. Header: None Params: None
2025-11-05 20:21:06.434 | DEBUG    | src.core.clients.api_client:wrapper:26 - Response from /user: 200 | {"code":200,"type":"unknown","message":"44"}
2025-11-05 20:21:06.435 | DEBUG    | src.application.utils.api_assertions:assert_status_code:16 - Valid response for https://petstore.swagger.io/v2/user: {"code":200,"type":"unknown","message":"44"}
2025-11-05 20:21:06.437 | DEBUG    | src.core.clients.api_client:wrapper:23 - Request PATH: /user/chendaniel. Body None. Header: None Params: None
2025-11-05 20:21:06.625 | DEBUG    | src.core.clients.api_client:wrapper:26 - Response from /user/chendaniel: 404 | {"code":1,"type":"error","message":"User not found"}
2025-11-05 20:21:06.627 | ERROR    | src.application.utils.api_assertions:assert_status_code:18 - Invalid response code: 404. Response body: {"code":1,"type":"error","message":"User not found"}
2025-11-05 20:21:11.646 | DEBUG    | src.core.clients.api_client:wrapper:23 - Request PATH: /user. Body {'id': 2540, 'username': 'ndean', 'firstname': 'Jonathan', 'lastname': 'Walker', 'email': 'hubbardnicole@example.com', 'password': '+%VKQ3vuA0', 'phone': '(299)554-1561x1959', 'user_status': 5}. Header: None Params: None
2025-11-05 20:21:11.834 | DEBUG    | src.core.clients.api_client:wrapper:26 - Response from /user: 200 | {"code":200,"type":"unknown","message":"2540"}
2025-11-05 20:21:11.836 | DEBUG    | src.application.utils.api_assertions:assert_status_code:16 - Valid response for https://petstore.swagger.io/v2/user: {"code":200,"type":"unknown","message":"2540"}
2025-11-05 20:21:11.838 | DEBUG    | src.core.clients.api_client:wrapper:23 - Request PATH: /user/ndean. Body None. Header: None Params: None
2025-11-05 20:21:12.024 | DEBUG    | src.core.clients.api_client:wrapper:26 - Response from /user/ndean: 200 | {"id":2540,"username":"ndean","email":"hubbardnicole@example.com","password":"+%VKQ3vuA0","phone":"(299)554-1561x1959","userStatus":0}
2025-11-05 20:21:12.026 | DEBUG    | src.application.utils.api_assertions:assert_status_code:16 - Valid response for https://petstore.swagger.io/v2/user/ndean: {"id":2540,"username":"ndean","email":"hubbardnicole@example.com","password":"+%VKQ3vuA0","phone":"(299)554-1561x1959","userStatus":0}
2025-11-07 23:20:19.967 | DEBUG    | src.core.clients.api_client:wrapper:23 - Request PATH: None. Body None. Header: None Params: None
2025-11-07 23:20:19.969 | DEBUG    | src.core.clients.api_client:wrapper:23 - Request PATH: /user. Body {'id': 167347171, 'username': 'browndavid', 'firstname': 'Kristen', 'lastname': 'Thomas', 'email': 'floresamy@example.org', 'password': 'KLiLV0xY$7', 'phone': '690-205-8133', 'user_status': 4}. Header: None Params: None
2025-11-07 23:20:19.969 | DEBUG    | src.core.clients.api_client:wrapper:23 - Request PATH: /user. Body {'id': 119398, 'username': 'eric72', 'firstname': 'Daniel', 'lastname': 'Hunter', 'email': 'courtney36@example.net', 'password': '64HDQI)t@t', 'phone': '454.441.7553', 'user_status': 1}. Header: None Params: None
2025-11-07 23:20:19.969 | DEBUG    | src.core.clients.api_client:wrapper:23 - Request PATH: /user/createWithList. Body [{'id': 62, 'username': 'melissa41', 'firstname': 'Gabrielle', 'lastname': 'Brown', 'email': 'amberkelly@example.net', 'password': '5I)vC6zN^9', 'phone': '(777)921-0131', 'user_status': 2}, {'id': 998, 'username': 'smithkristen', 'firstname': 'Robert', 'lastname': 'Parks', 'email': 'raymond64@example.org', 'password': '(UGO+oJkP0', 'phone': '221.985.3443x806', 'user_status': 2}]. Header: None Params: None
2025-11-07 23:20:21.521 | DEBUG    | src.core.clients.api_client:wrapper:26 - Response from /user: 200 | {"code":200,"type":"unknown","message":"119398"}
}
2025-11-07 23:20:21.523 | DEBUG    | src.application.utils.api_assertions:assert_status_code:17 - Valid response for https://petstore.swagger.io/v2/user: {"code":200,"type":"unknown","message":"167347171"}
2025-11-07 23:20:21.523 | DEBUG    | src.application.utils.api_assertions:assert_status_code:17 - Valid response for https://petstore.swagger.io/v2/user: {"code":200,"type":"unknown","message":"119398"}
2025-11-07 23:20:21.525 | DEBUG    | src.application.utils.api_assertions:validate_response_model:38 - Valid response model for https://petstore.swagger.io/v2/user: {"code":200,"type":"unknown","message":"167347171"}
2025-11-07 23:20:21.525 | DEBUG    | src.application.utils.api_assertions:validate_response_model:38 - Valid response model for https://petstore.swagger.io/v2/user: {"code":200,"type":"unknown","message":"119398"}
2025-11-07 23:20:21.526 | DEBUG    | src.core.clients.api_client:wrapper:23 - Request PATH: /user/browndavid. Body None. Header: None Params: None
2025-11-07 23:20:21.531 | DEBUG    | src.core.clients.api_client:wrapper:23 - Request PATH: /user/createWithList. Body [{'id': 4361949, 'username': 'glenn26', 'firstname': 'Donna', 'lastname': 'Barton', 'email': 'mitchellmark@example.net', 'password': '5T5LWSEJ%y', 'phone': '7182425364', 'user_status': 3}]. Header: None Params: None
2025-11-07 23:20:21.534 | DEBUG    | src.core.clients.api_client:wrapper:26 - Response from None: 200 | {"totvs":2,"no":1,"-1\" OR 2+348-348-1=0+0+0+1 -- ":1,"placed":1,"string":89,"oYnbvUgc' OR 464=(SELECT 464 FROM PG_SLEEP(15))--":1,"Adopted":1,"pending":35,"available":661,"available;pending;sold":1,"3000":1,"packing":1,"-1' OR 2+271-271-1=0+0+0+1 or 'Bx2LNxho'='":1,"soldout":1,"-1 OR 2+807-807-1=0+0+0+1":1,"@@RA8K9":1,"-1' OR 2+880-880-1=0+0+0+1 or 'wzledsJU'='":1,"VL4EQE":1,"1 waitfor delay '0:0:15' -- ":2,"-1 OR 3+744-744-1=0+0+0+1":1,"busy":1,"ldEe8HLI') OR 442=(SELECT 442 FROM PG_SLEEP(15))--":1,"Available":1,"-1 OR 3+81-81-1=0+0+0+1 -- ":1,"-1' OR 3+192-192-1=0+0+0+1 -- ":1,"sold":56,"if(now()=sysdate(),sleep(15),0)":1,"available'||DBMS_PIPE.RECEIVE_MESSAGE(CHR(98)||CHR(98)||CHR(98),15)||'":1,"availabe":1,"-1 OR 3+807-807-1=0+0+0+1":1,"-1\" OR 3+91-91-1=0+0+0+1 -- ":1,"VxK2SSK2'; waitfor delay '0:0:15' -- ":1,"done":1,"peric":2,"-1 OR 2+12-12-1=0+0+0+1 -- ":1,"home":1,"0\"XOR(if(now()=sysdate(),sleep(15),0))XOR\"Z":1,"iD8n0ZHj')) OR 826=(SELECT 826 FROM PG_SLEEP(15))--":1,"(select(0)from(select(sleep(15)))v)/*'+(select(0)from(select(sleep(15)))v)+'\"+(select(0)from(select(sleep(15)))v)+\"*/":1,"0'XOR(if(now()=sysdate(),sleep(15),0))XOR'Z":1,"-1 OR 2+81-81-1=0+0+0+1 -- ":1,"-1' OR 3+629-629-1=0+0+0+1 -- ":1,"available'\"()&%<zzz><ScRiPt >GMqs(9922)</ScRiPt>":1,"em4XP9ih')) OR 124=(SELECT 124 FROM PG_SLEEP(15))--":1}
2025-11-07 23:20:21.536 | DEBUG    | src.application.utils.api_assertions:assert_status_code:17 - Valid response for https://petstore.swagger.io/v2/store/inventory: {"totvs":2,"no":1,"-1\" OR 2+348-348-1=0+0+0+1 -- ":1,"placed":1,"string":89,"oYnbvUgc' OR 464=(SELECT 464 FROM PG_SLEEP(15))--":1,"Adopted":1,"pending":35,"available":661,"available;pending;sold":1,"3000":1,"packing":1,"-1' OR 2+271-271-1=0+0+0+1 or 'Bx2LNxho'='":1,"soldout":1,"-1 OR 2+807-807-1=0+0+0+1":1,"@@RA8K9":1,"-1' OR 2+880-880-1=0+0+0+1 or 'wzledsJU'='":1,"VL4EQE":1,"1 waitfor delay '0:0:15' -- ":2,"-1 OR 3+744-744-1=0+0+0+1":1,"busy":1,"ldEe8HLI') OR 442=(SELECT 442 FROM PG_SLEEP(15))--":1,"Available":1,"-1 OR 3+81-81-1=0+0+0+1 -- ":1,"-1' OR 3+192-192-1=0+0+0+1 -- ":1,"sold":56,"if(now()=sysdate(),sleep(15),0)":1,"available'||DBMS_PIPE.RECEIVE_MESSAGE(CHR(98)||CHR(98)||CHR(98),15)||'":1,"availabe":1,"-1 OR 3+807-807-1=0+0+0+1":1,"-1\" OR 3+91-91-1=0+0+0+1 -- ":1,"VxK2SSK2'; waitfor delay '0:0:15' -- ":1,"done":1,"peric":2,"-1 OR 2+12-12-1=0+0+0+1 -- ":1,"home":1,"0\"XOR(if(now()=sysdate(),sleep(15),0))XOR\"Z":1,"iD8n0ZHj')) OR 826=(SELECT 826 FROM PG_SLEEP(15))--":1,"(select(0)from(select(sleep(15)))v)/*'+(select(0)from(select(sleep(15)))v)+'\"+(select(0)from(select(sleep(15)))v)+\"*/":1,"0'XOR(if(now()=sysdate(),sleep(15),0))XOR'Z":1,"-1 OR 2+81-81-1=0+0+0+1 -- ":1,"-1' OR 3+629-629-1=0+0+0+1 -- ":1,"available'\"()&%<zzz><ScRiPt >GMqs(9922)</ScRiPt>":1,"em4XP9ih')) OR 124=(SELECT 124 FROM PG_SLEEP(15))--":1}
2025-11-07 23:20:21.540 | DEBUG    | src.core.clients.api_client:wrapper:23 - Request PATH: None. Body None. Header: None Params: None
2025-11-07 23:20:21.546 | DEBUG    | src.core.clients.api_client:wrapper:26 - Response from /user/createWithList: 200 | {"code":200,"type":"unknown","message":"ok"}
2025-11-07 23:20:21.548 | DEBUG    | src.application.utils.api_assertions:assert_status_code:17 - Valid response for https://petstore.swagger.io/v2/user/createWithList: {"code":200,"type":"unknown","message":"ok"}
2025-11-07 23:20:21.550 | DEBUG    | src.application.utils.api_assertions:validate_response_model:38 - Valid response model for https://petstore.swagger.io/v2/user/createWithList: {"code":200,"type":"unknown","message":"ok"}
2025-11-07 23:20:21.559 | DEBUG    | src.core.clients.api_client:wrapper:23 - Request PATH: /user/createWithList. Body [{'id': 783349, 'username': 'kimberlyblair', 'firstname': 'Joseph', 'lastname': 'Stephens', 'email': 'millerheather@example.com', 'password': 'o)&0GrRp_o', 'phone': '243-436-7475x7974', 'user_status': 1}, {'id': 367435113, 'username': 'linda09', 'firstname': 'Beth', 'lastname': 'Conley', 'email': 'gregory27@example.org', 'password': '&1U!CJd9T(', 'phone': '+1-427-202-0614', 'user_status': 3}, {'id': 477, 'username': 'schmidtapril', 'firstname': 'Mark', 'lastname': 'Cross', 'email': 'flemingsarah@example.net', 'password': 'Kn^57ITkTf', 'phone': '7268022427', 'user_status': 1}, {'id': 49648, 'username': 'wanda33', 'firstname': 'Savannah', 'lastname': 'Arellano', 'email': 'james98@example.com', 'password': '(+FIRtTn#4', 'phone': '(291)770-2814x7142', 'user_status': 1}, {'id': 895258, 'username': 'christinamcfarland', 'firstname': 'Jason', 'lastname': 'Levy', 'email': 'frichardson@example.com', 'password': ')4DEorkGn1', 'phone': '001-781-554-3434x971', 'user_status': 4}, {'id': 16738, 'username': 'garciadavid', 'firstname': 'Charles', 'lastname': 'Anderson', 'email': 'pottsdonald@example.org', 'password': 'x8^1gyl+&B', 'phone': '875.803.5245x1076', 'user_status': 5}, {'id': 180103, 'username': 'ilyons', 'firstname': 'Patricia', 'lastname': 'Diaz', 'email': 'ryanobrien@example.net', 'password': 'X$p_3LfwlK', 'phone': '+1-629-463-1172x76321', 'user_status': 3}, {'id': 69917, 'username': 'phillip59', 'firstname': 'Kelly', 'lastname': 'Jacobs', 'email': 'taylordebra@example.org', 'password': 'j3jQbwc1%9', 'phone': '001-697-846-2653x19754', 'user_status': 4}, {'id': 4561315, 'username': 'evansjoshua', 'firstname': 'Julie', 'lastname': 'Mitchell', 'email': 'delgadoamanda@example.org', 'password': 'M9xW*0wk_3', 'phone': '+1-677-582-8824x975', 'user_status': 4}, {'id': 9660, 'username': 'davisrose', 'firstname': 'James', 'lastname': 'Clark', 'email': 'leonmckinney@example.net', 'password': 'D#0KDwvYms', 'phone': '+1-268-203-5471', 'user_status': 3}]. Header: None Params: None
2025-11-07 23:20:21.786 | DEBUG    | src.core.clients.api_client:wrapper:26 - Response from /user/browndavid: 200 | {"code":200,"type":"unknown","message":"browndavid"}
2025-11-07 23:20:21.790 | DEBUG    | src.application.utils.api_assertions:assert_status_code:17 - Valid response for https://petstore.swagger.io/v2/user/browndavid: {"code":200,"type":"unknown","message":"browndavid"}
2025-11-07 23:20:21.791 | DEBUG    | src.core.clients.api_client:wrapper:26 - Response from /user/createWithList: 200 | {"code":200,"type":"unknown","message":"ok"}
2025-11-07 23:20:21.793 | DEBUG    | src.application.utils.api_assertions:assert_status_code:17 - Valid response for https://petstore.swagger.io/v2/user/createWithList: {"code":200,"type":"unknown","message":"ok"}
2025-11-07 23:20:21.795 | DEBUG    | src.application.utils.api_assertions:validate_response_model:38 - Valid response model for https://petstore.swagger.io/v2/user/createWithList: {"code":200,"type":"unknown","message":"ok"}
2025-11-07 23:20:21.798 | DEBUG    | src.core.clients.api_client:wrapper:23 - Request PATH: /user. Body {'id': 839189, 'username': 'powelldaniel', 'firstname': 'Andrew', 'lastname': 'Gonzalez', 'email': 'fraziermichael@example.org', 'password': '#)3HIA+cf2', 'phone': '239-867-7614', 'user_status': 5}. Header: None Params: None
2025-11-07 23:20:21.800 | DEBUG    | src.core.clients.api_client:wrapper:23 - Request PATH: /user. Body {'id': 27352704, 'username': 'summerwhite', 'firstname': 'Margaret', 'lastname': 'Vincent', 'email': 'wlopez@example.com', 'password': 'q5Gs0%_3+t', 'phone': '+1-806-848-3660', 'user_status': 5}. Header: None Params: None
2025-11-07 23:20:21.803 | DEBUG    | src.core.clients.api_client:wrapper:26 - Response from None: 200 | {"id":1,"petId":0,"quantity":0,"shipDate":"2023-03-27T02:14:59.643+0000","status":"placed","complete":true}
2025-11-07 23:20:21.805 | DEBUG    | src.application.utils.api_assertions:assert_status_code:17 - Valid response for https://petstore.swagger.io/v2/store/order/1: {"id":1,"petId":0,"quantity":0,"shipDate":"2023-03-27T02:14:59.643+0000","status":"placed","complete":true}
2025-11-07 23:20:21.807 | DEBUG    | src.application.utils.api_assertions:validate_response_model:38 - Valid response model for https://petstore.swagger.io/v2/store/order/1: {"id":1,"petId":0,"quantity":0,"shipDate":"2023-03-27T02:14:59.643+0000","status":"placed","complete":true}
2025-11-07 23:20:21.832 | DEBUG    | src.core.clients.api_client:wrapper:26 - Response from /user/createWithList: 200 | {"code":200,"type":"unknown","message":"ok"}
2025-11-07 23:20:21.834 | DEBUG    | src.application.utils.api_assertions:assert_status_code:17 - Valid response for https://petstore.swagger.io/v2/user/createWithList: {"code":200,"type":"unknown","message":"ok"}
2025-11-07 23:20:21.835 | DEBUG    | src.application.utils.api_assertions:validate_response_model:38 - Valid response model for https://petstore.swagger.io/v2/user/createWithList: {"code":200,"type":"unknown","message":"ok"}
2025-11-07 23:20:22.058 | DEBUG    | src.core.clients.api_client:wrapper:26 - Response from /user: 200 | {"code":200,"type":"unknown","message":"839189"}
2025-11-07 23:20:22.060 | DEBUG    | src.core.clients.api_client:wrapper:26 - Response from /user: 200 | {"code":200,"type":"unknown","message":"27352704"}
2025-11-07 23:20:22.062 | DEBUG    | src.application.utils.api_assertions:assert_status_code:17 - Valid response for https://petstore.swagger.io/v2/user: {"code":200,"type":"unknown","message":"839189"}
2025-11-07 23:20:22.064 | DEBUG    | src.application.utils.api_assertions:assert_status_code:17 - Valid response for https://petstore.swagger.io/v2/user: {"code":200,"type":"unknown","message":"27352704"}
2025-11-07 23:20:22.066 | DEBUG    | src.application.utils.api_assertions:validate_response_model:38 - Valid response model for https://petstore.swagger.io/v2/user: {"code":200,"type":"unknown","message":"839189"}
2025-11-07 23:20:22.067 | DEBUG    | src.application.utils.api_assertions:validate_response_model:38 - Valid response model for https://petstore.swagger.io/v2/user: {"code":200,"type":"unknown","message":"27352704"}
2025-11-07 23:20:22.067 | DEBUG    | src.core.clients.api_client:wrapper:23 - Request PATH: /user/powelldaniel. Body None. Header: None Params: None
2025-11-07 23:20:22.067 | DEBUG    | src.core.clients.api_client:wrapper:23 - Request PATH: /user/summerwhite. Body {'id': 27352704, 'username': 'summerwhite', 'firstname': 'Margaret', 'lastname': 'Vincent', 'email': 'wlopez@example.com', 'password': 'q5Gs0%_3+t', 'phone': '+1-806-848-3660', 'user_status': 5}. Header: None Params: None
2025-11-07 23:20:22.328 | DEBUG    | src.core.clients.api_client:wrapper:26 - Response from /user/summerwhite: 200 | {"code":200,"type":"unknown","message":"27352704"}
2025-11-07 23:20:22.329 | DEBUG    | src.core.clients.api_client:wrapper:26 - Response from /user/powelldaniel: 404 | {"code":1,"type":"error","message":"User not found"}
2025-11-07 23:20:22.334 | DEBUG    | src.application.utils.api_assertions:assert_status_code:17 - Valid response for https://petstore.swagger.io/v2/user/summerwhite: {"code":200,"type":"unknown","message":"27352704"}
2025-11-07 23:20:22.335 | ERROR    | src.application.utils.api_assertions:assert_status_code:19 - Invalid response code: 404. Response body: {"code":1,"type":"error","message":"User not found"}
2025-11-07 23:20:27.492 | DEBUG    | src.core.clients.api_client:wrapper:23 - Request PATH: /user. Body {'id': 10762300, 'username': 'williamslouis', 'firstname': 'Melinda', 'lastname': 'Stein', 'email': 'xfleming@example.com', 'password': '@+@5QMtPf5', 'phone': '466-316-6312x0159', 'user_status': 4}. Header: None Params: None
2025-11-07 23:20:27.752 | DEBUG    | src.core.clients.api_client:wrapper:26 - Response from /user: 200 | {"code":200,"type":"unknown","message":"10762300"}
2025-11-07 23:20:27.756 | DEBUG    | src.application.utils.api_assertions:assert_status_code:17 - Valid response for https://petstore.swagger.io/v2/user: {"code":200,"type":"unknown","message":"10762300"}
2025-11-07 23:20:27.757 | DEBUG    | src.application.utils.api_assertions:validate_response_model:38 - Valid response model for https://petstore.swagger.io/v2/user: {"code":200,"type":"unknown","message":"10762300"}
2025-11-07 23:20:27.758 | DEBUG    | src.core.clients.api_client:wrapper:23 - Request PATH: /user/williamslouis. Body None. Header: None Params: None
2025-11-07 23:20:28.017 | DEBUG    | src.core.clients.api_client:wrapper:26 - Response from /user/williamslouis: 404 | {"code":1,"type":"error","message":"User not found"}
2025-11-07 23:20:28.019 | ERROR    | src.application.utils.api_assertions:assert_status_code:19 - Invalid response code: 404. Response body: {"code":1,"type":"error","message":"User not found"}
2025-11-07 23:20:33.037 | DEBUG    | src.core.clients.api_client:wrapper:23 - Request PATH: /user. Body {'id': 23210, 'username': 'jacksonalejandra', 'firstname': 'Andrew', 'lastname': 'Johnson', 'email': 'royray@example.com', 'password': '^CEAbYEx#5', 'phone': '+1-375-455-2964x6287', 'user_status': 1}. Header: None Params: None
2025-11-07 23:20:33.299 | DEBUG    | src.core.clients.api_client:wrapper:26 - Response from /user: 200 | {"code":200,"type":"unknown","message":"23210"}
2025-11-07 23:20:33.303 | DEBUG    | src.application.utils.api_assertions:assert_status_code:17 - Valid response for https://petstore.swagger.io/v2/user: {"code":200,"type":"unknown","message":"23210"}
2025-11-07 23:20:33.304 | DEBUG    | src.application.utils.api_assertions:validate_response_model:38 - Valid response model for https://petstore.swagger.io/v2/user: {"code":200,"type":"unknown","message":"23210"}
2025-11-07 23:20:33.305 | DEBUG    | src.core.clients.api_client:wrapper:23 - Request PATH: /user/jacksonalejandra. Body None. Header: None Params: None
2025-11-07 23:20:33.564 | DEBUG    | src.core.clients.api_client:wrapper:26 - Response from /user/jacksonalejandra: 404 | {"code":1,"type":"error","message":"User not found"}
2025-11-07 23:20:33.566 | ERROR    | src.application.utils.api_assertions:assert_status_code:19 - Invalid response code: 404. Response body: {"code":1,"type":"error","message":"User not found"}
2025-11-07 23:20:38.582 | DEBUG    | src.core.clients.api_client:wrapper:23 - Request PATH: /user. Body {'id': 21, 'username': 'jamie42', 'firstname': 'Katelyn', 'lastname': 'Kelly', 'email': 'njenkins@example.org', 'password': '(2yBQgFfhE', 'phone': '001-848-582-1519x3992', 'user_status': 4}. Header: None Params: None
2025-11-07 23:20:38.842 | DEBUG    | src.core.clients.api_client:wrapper:26 - Response from /user: 200 | {"code":200,"type":"unknown","message":"21"}
2025-11-07 23:20:38.846 | DEBUG    | src.application.utils.api_assertions:assert_status_code:17 - Valid response for https://petstore.swagger.io/v2/user: {"code":200,"type":"unknown","message":"21"}
2025-11-07 23:20:38.847 | DEBUG    | src.application.utils.api_assertions:validate_response_model:38 - Valid response model for https://petstore.swagger.io/v2/user: {"code":200,"type":"unknown","message":"21"}
2025-11-07 23:20:38.848 | DEBUG    | src.core.clients.api_client:wrapper:23 - Request PATH: /user/jamie42. Body None. Header: None Params: None
2025-11-07 23:20:39.111 | DEBUG    | src.core.clients.api_client:wrapper:26 - Response from /user/jamie42: 404 | {"code":1,"type":"error","message":"User not found"}
2025-11-07 23:20:39.114 | ERROR    | src.application.utils.api_assertions:assert_status_code:19 - Invalid response code: 404. Response body: {"code":1,"type":"error","message":"User not found"}
2025-11-08 23:44:09.584 | DEBUG    | src.core.clients.api_client:wrapper:22 - Request PATH: /user. Body {'id': 3, 'username': 'katherine57', 'firstname': 'David', 'lastname': 'Harris', 'email': 'amy14@example.org', 'password': 'u)k2CyxoZ+', 'phone': '+1-280-800-3470x75509', 'user_status': 1}. Header: None Params: None
2025-11-08 23:44:09.590 | DEBUG    | src.core.clients.api_client:wrapper:22 - Request PATH: /user/createWithList. Body [{'id': 23133, 'username': 'gregorylopez', 'firstname': 'Kayla', 'lastname': 'Carrillo', 'email': 'carrie19@example.org', 'password': '$iKDqt($D2', 'phone': '(360)383-8168x2312', 'user_status': 4}, {'id': 16936322, 'username': 'carol53', 'firstname': 'Paige', 'lastname': 'Patton', 'email': 'karensantos@example.com', 'password': 'g+F$3RBd)!', 'phone': '001-852-635-6559', 'user_status': 2}]. Header: None Params: None
2025-11-08 23:44:09.599 | DEBUG    | src.core.clients.api_client:wrapper:22 - Request PATH: None. Body None. Header: None Params: None
2025-11-08 23:44:09.602 | DEBUG    | src.core.clients.api_client:wrapper:22 - Request PATH: /user. Body {'id': 697224375, 'username': 'davidbarker', 'firstname': 'Katherine', 'lastname': 'Glover', 'email': 'joshua83@example.com', 'password': '4eIV0amw$1', 'phone': '+1-408-599-2909x93305', 'user_status': 2}. Header: None Params: None
2025-11-08 23:44:10.769 | DEBUG    | src.core.clients.api_client:wrapper:25 - Response from /user: 200 | {"code":200,"type":"unknown","message":"3"}
2025-11-08 23:44:10.770 | DEBUG    | src.core.clients.api_client:wrapper:25 - Response from None: 200 | {"sold":22,"string":632,"d":1,"pending":21,"available":246,"gogog":1,"Soled":1,"packing":1,"soldout":1,"availabl":1,"done":1,"peric":2,"invalid_status":1,"xyz":1,"available/pending/sold. pet status in the store (string)":2}
2025-11-08 23:44:10.772 | DEBUG    | src.application.utils.api_assertions:assert_status_code:17 - Valid response for https://petstore.swagger.io/v2/user: {"code":200,"type":"unknown","message":"3"}
2025-11-08 23:44:10.772 | DEBUG    | src.application.utils.api_assertions:assert_status_code:17 - Valid response for https://petstore.swagger.io/v2/store/inventory: {"sold":22,"string":632,"d":1,"pending":21,"available":246,"gogog":1,"Soled":1,"packing":1,"soldout":1,"availabl":1,"done":1,"peric":2,"invalid_status":1,"xyz":1,"available/pending/sold. pet status in the store (string)":2}
2025-11-08 23:44:10.774 | DEBUG    | src.application.utils.api_assertions:validate_response_model:38 - Valid response model for https://petstore.swagger.io/v2/user: {"code":200,"type":"unknown","message":"3"}
2025-11-08 23:44:10.775 | DEBUG    | src.core.clients.api_client:wrapper:22 - Request PATH: /user/katherine57. Body None. Header: None Params: None
2025-11-08 23:44:10.778 | DEBUG    | src.core.clients.api_client:wrapper:22 - Request PATH: None. Body None. Header: None Params: None
2025-11-08 23:44:10.785 | DEBUG    | src.core.clients.api_client:wrapper:25 - Response from /user/createWithList: 200 | {"code":200,"type":"unknown","message":"ok"}
2025-11-08 23:44:10.787 | DEBUG    | src.application.utils.api_assertions:assert_status_code:17 - Valid response for https://petstore.swagger.io/v2/user/createWithList: {"code":200,"type":"unknown","message":"ok"}
2025-11-08 23:44:10.789 | DEBUG    | src.application.utils.api_assertions:validate_response_model:38 - Valid response model for https://petstore.swagger.io/v2/user/createWithList: {"code":200,"type":"unknown","message":"ok"}
2025-11-08 23:44:10.797 | DEBUG    | src.core.clients.api_client:wrapper:22 - Request PATH: /user/createWithList. Body [{'id': 278, 'username': 'cobbcindy', 'firstname': 'Rachael', 'lastname': 'Morgan', 'email': 'bonnie01@example.com', 'password': '(pXmKkK1n9', 'phone': '620.949.9075', 'user_status': 4}, {'id': 66, 'username': 'kbowman', 'firstname': 'Katie', 'lastname': 'Rogers', 'email': 'adamsbryan@example.org', 'password': ')1NtIsFq^O', 'phone': '001-536-845-3476x65709', 'user_status': 4}, {'id': 7, 'username': 'rmitchell', 'firstname': 'Michael', 'lastname': 'Webb', 'email': 'johnsonelizabeth@example.net', 'password': '@uqWTqA670', 'phone': '(679)972-7475x5821', 'user_status': 1}, {'id': 965907, 'username': 'kochangelica', 'firstname': 'Zachary', 'lastname': 'Henry', 'email': 'xjohnson@example.org', 'password': 'q0hV$zxa_h', 'phone': '001-734-298-5787x7953', 'user_status': 5}, {'id': 7, 'username': 'zwalker', 'firstname': 'Christian', 'lastname': 'Allen', 'email': 'shawna65@example.com', 'password': '^aK4siBxB9', 'phone': '742-848-5808x646', 'user_status': 2}, {'id': 928847, 'username': 'jacqueline74', 'firstname': 'Antonio', 'lastname': 'Bradley', 'email': 'ricardo08@example.org', 'password': 'YuKLqgJ9_8', 'phone': '742.362.4716x6018', 'user_status': 1}, {'id': 82722, 'username': 'zbest', 'firstname': 'David', 'lastname': 'Torres', 'email': 'millermichelle@example.org', 'password': '^0kKR%xu4@', 'phone': '(698)304-6987x959', 'user_status': 5}, {'id': 6910, 'username': 'kelseysmith', 'firstname': 'Donald', 'lastname': 'Wells', 'email': 'kalvarez@example.org', 'password': '$432&OFjI$', 'phone': '+1-466-726-9008x40701', 'user_status': 5}, {'id': 78, 'username': 'davischarlotte', 'firstname': 'Jason', 'lastname': 'Kemp', 'email': 'brookejacobs@example.net', 'password': 'y8!)pYNC!g', 'phone': '(206)240-8389x69974', 'user_status': 2}, {'id': 1355, 'username': 'newmanjohn', 'firstname': 'Rodney', 'lastname': 'York', 'email': 'zrowe@example.com', 'password': '$CsSl18V44', 'phone': '001-717-708-0143x9431', 'user_status': 5}]. Header: None Params: None
2025-11-08 23:44:10.819 | DEBUG    | src.core.clients.api_client:wrapper:25 - Response from /user: 200 | {"code":200,"type":"unknown","message":"697224375"}
2025-11-08 23:44:10.821 | DEBUG    | src.application.utils.api_assertions:assert_status_code:17 - Valid response for https://petstore.swagger.io/v2/user: {"code":200,"type":"unknown","message":"697224375"}
2025-11-08 23:44:10.822 | DEBUG    | src.application.utils.api_assertions:validate_response_model:38 - Valid response model for https://petstore.swagger.io/v2/user: {"code":200,"type":"unknown","message":"697224375"}
2025-11-08 23:44:10.830 | DEBUG    | src.core.clients.api_client:wrapper:22 - Request PATH: /user/createWithList. Body [{'id': 75163574, 'username': 'mcbridechristine', 'firstname': 'Juan', 'lastname': 'Nash', 'email': 'matthew45@example.com', 'password': 'uH6EG7Ote&', 'phone': '807-486-5762x2743', 'user_status': 2}]. Header: None Params: None
2025-11-08 23:44:11.038 | DEBUG    | src.core.clients.api_client:wrapper:25 - Response from None: 404 | {"code":1,"type":"error","message":"Order not found"}
2025-11-08 23:44:11.038 | DEBUG    | src.core.clients.api_client:wrapper:25 - Response from /user/katherine57: 404 | 
2025-11-08 23:44:11.042 | ERROR    | src.application.utils.api_assertions:assert_status_code:19 - Invalid response code: 404. Response body: {"code":1,"type":"error","message":"Order not found"}
2025-11-08 23:44:11.042 | ERROR    | src.application.utils.api_assertions:assert_status_code:19 - Invalid response code: 404. Response body: 
2025-11-08 23:44:11.060 | DEBUG    | src.core.clients.api_client:wrapper:25 - Response from /user/createWithList: 200 | {"code":200,"type":"unknown","message":"ok"}
2025-11-08 23:44:11.062 | DEBUG    | src.application.utils.api_assertions:assert_status_code:17 - Valid response for https://petstore.swagger.io/v2/user/createWithList: {"code":200,"type":"unknown","message":"ok"}
2025-11-08 23:44:11.064 | DEBUG    | src.application.utils.api_assertions:validate_response_model:38 - Valid response model for https://petstore.swagger.io/v2/user/createWithList: {"code":200,"type":"unknown","message":"ok"}
2025-11-08 23:44:11.099 | DEBUG    | src.core.clients.api_client:wrapper:25 - Response from /user/createWithList: 200 | {"code":200,"type":"unknown","message":"ok"}
2025-11-08 23:44:11.101 | DEBUG    | src.application.utils.api_assertions:assert_status_code:17 - Valid response for https://petstore.swagger.io/v2/user/createWithList: {"code":200,"type":"unknown","message":"ok"}
2025-11-08 23:44:11.103 | DEBUG    | src.application.utils.api_assertions:validate_response_model:38 - Valid response model for https://petstore.swagger.io/v2/user/createWithList: {"code":200,"type":"unknown","message":"ok"}
2025-11-08 23:44:16.250 | DEBUG    | src.core.clients.api_client:wrapper:22 - Request PATH: None. Body None. Header: None Params: None
2025-11-08 23:44:16.251 | DEBUG    | src.core.clients.api_client:wrapper:22 - Request PATH: /user. Body {'id': 9987, 'username': 'jcampos', 'firstname': 'Ashley', 'lastname': 'Salazar', 'email': 'annapalmer@example.org', 'password': '!5QBdKw^Ik', 'phone': '(516)237-5138x06882', 'user_status': 2}. Header: None Params: None
2025-11-08 23:44:17.296 | DEBUG    | src.core.clients.api_client:wrapper:25 - Response from /user: 200 | {"code":200,"type":"unknown","message":"9987"}
2025-11-08 23:44:17.300 | DEBUG    | src.application.utils.api_assertions:assert_status_code:17 - Valid response for https://petstore.swagger.io/v2/user: {"code":200,"type":"unknown","message":"9987"}
2025-11-08 23:44:17.302 | DEBUG    | src.application.utils.api_assertions:validate_response_model:38 - Valid response model for https://petstore.swagger.io/v2/user: {"code":200,"type":"unknown","message":"9987"}
2025-11-08 23:44:17.302 | DEBUG    | src.core.clients.api_client:wrapper:22 - Request PATH: /user/jcampos. Body None. Header: None Params: None
2025-11-08 23:44:17.334 | DEBUG    | src.core.clients.api_client:wrapper:25 - Response from None: 404 | {"code":1,"type":"error","message":"Order not found"}
2025-11-08 23:44:17.338 | ERROR    | src.application.utils.api_assertions:assert_status_code:19 - Invalid response code: 404. Response body: {"code":1,"type":"error","message":"Order not found"}
2025-11-08 23:44:17.561 | DEBUG    | src.core.clients.api_client:wrapper:25 - Response from /user/jcampos: 404 | 
2025-11-08 23:44:17.564 | ERROR    | src.application.utils.api_assertions:assert_status_code:19 - Invalid response code: 404. Response body: 
2025-11-08 23:44:22.355 | DEBUG    | src.core.clients.api_client:wrapper:22 - Request PATH: None. Body None. Header: None Params: None
2025-11-08 23:44:22.584 | DEBUG    | src.core.clients.api_client:wrapper:22 - Request PATH: /user. Body {'id': 12891479, 'username': 'paulareyes', 'firstname': 'John', 'lastname': 'Fields', 'email': 'itran@example.org', 'password': '%EV5Gw8wj8', 'phone': '+1-846-935-6048x6981', 'user_status': 4}. Header: None Params: None
2025-11-08 23:44:23.389 | DEBUG    | src.core.clients.api_client:wrapper:25 - Response from None: 404 | {"code":1,"type":"error","message":"Order not found"}
2025-11-08 23:44:23.393 | ERROR    | src.application.utils.api_assertions:assert_status_code:19 - Invalid response code: 404. Response body: {"code":1,"type":"error","message":"Order not found"}
2025-11-08 23:44:23.655 | DEBUG    | src.core.clients.api_client:wrapper:25 - Response from /user: 200 | {"code":200,"type":"unknown","message":"12891479"}
2025-11-08 23:44:23.659 | DEBUG    | src.application.utils.api_assertions:assert_status_code:17 - Valid response for https://petstore.swagger.io/v2/user: {"code":200,"type":"unknown","message":"12891479"}
2025-11-08 23:44:23.660 | DEBUG    | src.application.utils.api_assertions:validate_response_model:38 - Valid response model for https://petstore.swagger.io/v2/user: {"code":200,"type":"unknown","message":"12891479"}
2025-11-08 23:44:23.662 | DEBUG    | src.core.clients.api_client:wrapper:22 - Request PATH: /user/paulareyes. Body None. Header: None Params: None
2025-11-08 23:44:23.927 | DEBUG    | src.core.clients.api_client:wrapper:25 - Response from /user/paulareyes: 404 | 
2025-11-08 23:44:23.930 | ERROR    | src.application.utils.api_assertions:assert_status_code:19 - Invalid response code: 404. Response body: 
2025-11-08 23:44:28.409 | DEBUG    | src.core.clients.api_client:wrapper:22 - Request PATH: None. Body None. Header: None Params: None
2025-11-08 23:44:28.947 | DEBUG    | src.core.clients.api_client:wrapper:22 - Request PATH: /user. Body {'id': 32, 'username': 'jacobfigueroa', 'firstname': 'Patrick', 'lastname': 'Thomas', 'email': 'garciacatherine@example.com', 'password': 'x2!U_zhd!o', 'phone': '983.952.0785x89411', 'user_status': 2}. Header: None Params: None
2025-11-08 23:44:29.482 | DEBUG    | src.core.clients.api_client:wrapper:25 - Response from None: 404 | {"code":1,"type":"error","message":"Order not found"}
2025-11-08 23:44:29.485 | ERROR    | src.application.utils.api_assertions:assert_status_code:19 - Invalid response code: 404. Response body: {"code":1,"type":"error","message":"Order not found"}
2025-11-08 23:44:29.685 | DEBUG    | src.core.clients.api_client:wrapper:22 - Request PATH: /user. Body {'id': 2053, 'username': 'ooliver', 'firstname': 'Mark', 'lastname': 'Miller', 'email': 'madeline12@example.net', 'password': '@Pj5nKeZRY', 'phone': '+1-343-461-3952', 'user_status': 1}. Header: None Params: None
2025-11-08 23:44:30.006 | DEBUG    | src.core.clients.api_client:wrapper:25 - Response from /user: 200 | {"code":200,"type":"unknown","message":"32"}
2025-11-08 23:44:30.009 | DEBUG    | src.application.utils.api_assertions:assert_status_code:17 - Valid response for https://petstore.swagger.io/v2/user: {"code":200,"type":"unknown","message":"32"}
2025-11-08 23:44:30.011 | DEBUG    | src.application.utils.api_assertions:validate_response_model:38 - Valid response model for https://petstore.swagger.io/v2/user: {"code":200,"type":"unknown","message":"32"}
2025-11-08 23:44:30.012 | DEBUG    | src.core.clients.api_client:wrapper:22 - Request PATH: /user/jacobfigueroa. Body None. Header: None Params: None
2025-11-08 23:44:30.274 | DEBUG    | src.core.clients.api_client:wrapper:25 - Response from /user/jacobfigueroa: 404 | 
2025-11-08 23:44:30.276 | ERROR    | src.application.utils.api_assertions:assert_status_code:19 - Invalid response code: 404. Response body: 
2025-11-08 23:44:30.291 | DEBUG    | src.core.clients.api_client:wrapper:22 - Request PATH: /user. Body {'id': 27, 'username': 'cody34', 'firstname': 'Paul', 'lastname': 'Moreno', 'email': 'rlee@example.com', 'password': '#2AM)dXx&a', 'phone': '001-745-297-6210', 'user_status': 3}. Header: None Params: None
2025-11-08 23:44:30.551 | DEBUG    | src.core.clients.api_client:wrapper:25 - Response from /user: 200 | {"code":200,"type":"unknown","message":"27"}
2025-11-08 23:44:30.553 | DEBUG    | src.application.utils.api_assertions:assert_status_code:17 - Valid response for https://petstore.swagger.io/v2/user: {"code":200,"type":"unknown","message":"27"}
2025-11-08 23:44:30.555 | DEBUG    | src.application.utils.api_assertions:validate_response_model:38 - Valid response model for https://petstore.swagger.io/v2/user: {"code":200,"type":"unknown","message":"27"}
2025-11-08 23:44:30.556 | DEBUG    | src.core.clients.api_client:wrapper:22 - Request PATH: /user/cody34. Body None. Header: None Params: None
2025-11-08 23:44:30.738 | DEBUG    | src.core.clients.api_client:wrapper:25 - Response from /user: 200 | {"code":200,"type":"unknown","message":"2053"}
2025-11-08 23:44:30.741 | DEBUG    | src.application.utils.api_assertions:assert_status_code:17 - Valid response for https://petstore.swagger.io/v2/user: {"code":200,"type":"unknown","message":"2053"}
2025-11-08 23:44:30.743 | DEBUG    | src.application.utils.api_assertions:validate_response_model:38 - Valid response model for https://petstore.swagger.io/v2/user: {"code":200,"type":"unknown","message":"2053"}
2025-11-08 23:44:30.743 | DEBUG    | src.core.clients.api_client:wrapper:22 - Request PATH: /user/ooliver. Body {'id': 2053, 'username': 'ooliver', 'firstname': 'Mark', 'lastname': 'Miller', 'email': 'madeline12@example.net', 'password': '@Pj5nKeZRY', 'phone': '+1-343-461-3952', 'user_status': 1}. Header: None Params: None
2025-11-08 23:44:31.006 | DEBUG    | src.core.clients.api_client:wrapper:25 - Response from /user/ooliver: 200 | {"code":200,"type":"unknown","message":"2053"}
2025-11-08 23:44:31.008 | DEBUG    | src.application.utils.api_assertions:assert_status_code:17 - Valid response for https://petstore.swagger.io/v2/user/ooliver: {"code":200,"type":"unknown","message":"2053"}
2025-11-08 23:44:31.927 | DEBUG    | src.core.clients.api_client:wrapper:25 - Response from /user/cody34: 200 | {"id":27,"username":"cody34","email":"rlee@example.com","password":"#2AM)dXx&a","phone":"001-745-297-6210","userStatus":0}
2025-11-08 23:44:31.932 | DEBUG    | src.application.utils.api_assertions:assert_status_code:17 - Valid response for https://petstore.swagger.io/v2/user/cody34: {"id":27,"username":"cody34","email":"rlee@example.com","password":"#2AM)dXx&a","phone":"001-745-297-6210","userStatus":0}
2025-11-08 23:44:31.934 | DEBUG    | src.application.utils.api_assertions:validate_response_model:38 - Valid response model for https://petstore.swagger.io/v2/user/cody34: {"id":27,"username":"cody34","email":"rlee@example.com","password":"#2AM)dXx&a","phone":"001-745-297-6210","userStatus":0}
2025-11-09 00:05:46.906 | DEBUG    | src.core.clients.api_client:wrapper:35 - Request PATH: None. Body None. Header: None Params: None
2025-11-09 00:05:46.912 | DEBUG    | src.core.clients.api_client:wrapper:35 - Request PATH: /user. Body {'id': 79080, 'username': 'michael82', 'firstname': 'Monique', 'lastname': 'Johns', 'email': 'wgibson@example.net', 'password': 'EMpO53Hp&Y', 'phone': '+1-709-580-2906x735', 'user_status': 5}. Header: None Params: None
2025-11-09 00:05:46.913 | DEBUG    | src.core.clients.api_client:wrapper:35 - Request PATH: /user. Body {'id': 4956, 'username': 'tlawrence', 'firstname': 'Katie', 'lastname': 'Perez', 'email': 'gouldashley@example.com', 'password': 'rwd6CDun@8', 'phone': '+1-486-566-9839x827', 'user_status': 3}. Header: None Params: None
2025-11-09 00:05:46.913 | DEBUG    | src.core.clients.api_client:wrapper:35 - Request PATH: /user/createWithList. Body [{'id': 2721652, 'username': 'parkerwilliam', 'firstname': 'Kenneth', 'lastname': 'Mack', 'email': 'ipearson@example.net', 'password': '71T(bXsd@!', 'phone': '+1-410-822-1458', 'user_status': 5}, {'id': 588, 'username': 'monicaclarke', 'firstname': 'Antonio', 'lastname': 'Lee', 'email': 'joseclarke@example.net', 'password': 'vo^6QqpWmM', 'phone': '973.226.1517', 'user_status': 4}]. Header: None Params: None
2025-11-09 00:05:47.953 | DEBUG    | src.core.clients.api_client:wrapper:38 - Response from /user/createWithList: 200 | {"code":200,"type":"unknown","message":"ok"}
2025-11-09 00:05:47.957 | DEBUG    | src.application.utils.api_assertions:assert_status_code:17 - Valid response for https://petstore.swagger.io/v2/user/createWithList: {"code":200,"type":"unknown","message":"ok"}
2025-11-09 00:05:47.957 | DEBUG    | src.application.utils.api_assertions:validate_response_model:38 - Valid response model for https://petstore.swagger.io/v2/user/createWithList: {"code":200,"type":"unknown","message":"ok"}
2025-11-09 00:05:47.967 | DEBUG    | src.core.clients.api_client:wrapper:35 - Request PATH: /user/createWithList. Body [{'id': 63513592, 'username': 'beasleybrian', 'firstname': 'Raymond', 'lastname': 'Meyer', 'email': 'mariachristensen@example.net', 'password': 'b7r*rkOk#*', 'phone': '765-650-4222x6790', 'user_status': 4}, {'id': 94985863, 'username': 'hannahsmith', 'firstname': 'Scott', 'lastname': 'Reynolds', 'email': 'djohnson@example.net', 'password': 'u3*h0ZBu!x', 'phone': '(262)355-3939', 'user_status': 1}, {'id': 11, 'username': 'robertguerrero', 'firstname': 'Mark', 'lastname': 'Garcia', 'email': 'josephmiller@example.org', 'password': '4%6FzdWgC2', 'phone': '939-885-4862x4445', 'user_status': 3}, {'id': 761574978, 'username': 'nmiller', 'firstname': 'Joshua', 'lastname': 'Scott', 'email': 'laura95@example.net', 'password': '(hyJ3qKutf', 'phone': '+1-899-410-9437', 'user_status': 5}, {'id': 1669, 'username': 'ashleymendez', 'firstname': 'Chelsea', 'lastname': 'Gibson', 'email': 'kyle36@example.com', 'password': 'akF!Z0Gq4#', 'phone': '576-453-6707x334', 'user_status': 4}, {'id': 135352873, 'username': 'jcrawford', 'firstname': 'Anthony', 'lastname': 'Harris', 'email': 'uwilliamson@example.org', 'password': '*@I^*2In^v', 'phone': '001-879-891-6412x50821', 'user_status': 4}, {'id': 3371, 'username': 'dillonatkins', 'firstname': 'Donald', 'lastname': 'Jackson', 'email': 'kgreen@example.net', 'password': 'FD+0KSboY0', 'phone': '(948)750-5066', 'user_status': 2}, {'id': 9391, 'username': 'gramirez', 'firstname': 'Lawrence', 'lastname': 'Gilbert', 'email': 'gibsonsamuel@example.org', 'password': '_0q3Wjwk%b', 'phone': '(724)697-5556x002', 'user_status': 2}, {'id': 780821, 'username': 'christopher04', 'firstname': 'Brett', 'lastname': 'Walker', 'email': 'jgonzalez@example.com', 'password': 'T$5N69Q*Yu', 'phone': '(807)966-0189x712', 'user_status': 5}, {'id': 79114139, 'username': 'kimberly99', 'firstname': 'Jessica', 'lastname': 'Moyer', 'email': 'hwhite@example.net', 'password': 'uj$5U(YcBc', 'phone': '+1-780-764-0003x7704', 'user_status': 4}]. Header: None Params: None
2025-11-09 00:05:47.969 | DEBUG    | src.core.clients.api_client:wrapper:38 - Response from /user: 200 | {"code":200,"type":"unknown","message":"79080"}
2025-11-09 00:05:47.971 | DEBUG    | src.application.utils.api_assertions:assert_status_code:17 - Valid response for https://petstore.swagger.io/v2/user: {"code":200,"type":"unknown","message":"79080"}
2025-11-09 00:05:47.974 | DEBUG    | src.application.utils.api_assertions:validate_response_model:38 - Valid response model for https://petstore.swagger.io/v2/user: {"code":200,"type":"unknown","message":"79080"}
2025-11-09 00:05:47.975 | DEBUG    | src.core.clients.api_client:wrapper:35 - Request PATH: /user/michael82. Body None. Header: None Params: None
2025-11-09 00:05:47.976 | DEBUG    | src.core.clients.api_client:wrapper:38 - Response from None: 200 | {"sold":21,"string":649,"NOT available":1,"sold ":1,"Busy":1,"availablyyyye":1,"pending":18,"g":4,"available":235,"weisskeiner1":1,"Soled":1,"peric":2,"Sold":1,"available, sold":1,"invalid_status":1,"available_DEV":1,"not available":2,"available/pending/sold. pet status in the store (string)":4}
2025-11-09 00:05:47.978 | DEBUG    | src.application.utils.api_assertions:assert_status_code:17 - Valid response for https://petstore.swagger.io/v2/store/inventory: {"sold":21,"string":649,"NOT available":1,"sold ":1,"Busy":1,"availablyyyye":1,"pending":18,"g":4,"available":235,"weisskeiner1":1,"Soled":1,"peric":2,"Sold":1,"available, sold":1,"invalid_status":1,"available_DEV":1,"not available":2,"available/pending/sold. pet status in the store (string)":4}
2025-11-09 00:05:47.982 | DEBUG    | src.core.clients.api_client:wrapper:35 - Request PATH: None. Body None. Header: None Params: None
2025-11-09 00:05:47.991 | DEBUG    | src.core.clients.api_client:wrapper:38 - Response from /user: 200 | {"code":200,"type":"unknown","message":"4956"}
2025-11-09 00:05:47.993 | DEBUG    | src.application.utils.api_assertions:assert_status_code:17 - Valid response for https://petstore.swagger.io/v2/user: {"code":200,"type":"unknown","message":"4956"}
2025-11-09 00:05:47.995 | DEBUG    | src.application.utils.api_assertions:validate_response_model:38 - Valid response model for https://petstore.swagger.io/v2/user: {"code":200,"type":"unknown","message":"4956"}
2025-11-09 00:05:48.001 | DEBUG    | src.core.clients.api_client:wrapper:35 - Request PATH: /user/createWithList. Body [{'id': 46929, 'username': 'james88', 'firstname': 'Stephanie', 'lastname': 'Nunez', 'email': 'cmcclure@example.com', 'password': '9qR0Huq9#8', 'phone': '+1-313-283-5918x379', 'user_status': 5}]. Header: None Params: None
2025-11-09 00:05:48.228 | DEBUG    | src.core.clients.api_client:wrapper:38 - Response from /user/createWithList: 200 | {"code":200,"type":"unknown","message":"ok"}
2025-11-09 00:05:48.231 | DEBUG    | src.application.utils.api_assertions:assert_status_code:17 - Valid response for https://petstore.swagger.io/v2/user/createWithList: {"code":200,"type":"unknown","message":"ok"}
2025-11-09 00:05:48.232 | DEBUG    | src.application.utils.api_assertions:validate_response_model:38 - Valid response model for https://petstore.swagger.io/v2/user/createWithList: {"code":200,"type":"unknown","message":"ok"}
2025-11-09 00:05:48.240 | DEBUG    | src.core.clients.api_client:wrapper:38 - Response from /user/michael82: 404 | 
sername': 'edwardwright', 'firstname': 'Kayla', 'lastname': 'Perez', 'email': 'georgegonzales@example.com', 'password': 'D!8ucQfvnc', 'phone': '8785683167', 'user_status': 5}. Header: None Params: None
2025-11-09 00:05:48.244 | ERROR    | src.application.utils.api_assertions:assert_status_code:19 - Invalid response code: 404. Response body: 
2025-11-09 00:05:48.245 | DEBUG    | src.core.clients.api_client:wrapper:38 - Response from None: 405 | <?xml version="1.0" encoding="UTF-8" standalone="yes"?><apiResponse><type>unknown</type></apiResponse>
2025-11-09 00:05:48.247 | ERROR    | src.application.utils.api_assertions:assert_status_code:19 - Invalid response code: 405. Response body: <?xml version="1.0" encoding="UTF-8" standalone="yes"?><apiResponse><type>unknown</type></apiResponse>
2025-11-09 00:05:48.264 | DEBUG    | src.core.clients.api_client:wrapper:38 - Response from /user/createWithList: 200 | {"code":200,"type":"unknown","message":"ok"}
2025-11-09 00:05:48.266 | DEBUG    | src.application.utils.api_assertions:assert_status_code:17 - Valid response for https://petstore.swagger.io/v2/user/createWithList: {"code":200,"type":"unknown","message":"ok"}
2025-11-09 00:05:48.268 | DEBUG    | src.application.utils.api_assertions:validate_response_model:38 - Valid response model for https://petstore.swagger.io/v2/user/createWithList: {"code":200,"type":"unknown","message":"ok"}
2025-11-09 00:05:48.431 | DEBUG    | src.core.clients.api_client:wrapper:35 - Request PATH: /user. Body {'id': 83824838, 'username': 'wilkinsbeth', 'firstname': 'Carl', 'lastname': 'Hill', 'email': 'keith81@example.net', 'password': '!HBpCuuhd3', 'phone': '657.815.6098', 'user_status': 2}. Header: None Params: None
2025-11-09 00:05:48.512 | DEBUG    | src.core.clients.api_client:wrapper:38 - Response from /user: 200 | {"code":200,"type":"unknown","message":"47"}
2025-11-09 00:05:48.514 | DEBUG    | src.application.utils.api_assertions:assert_status_code:17 - Valid response for https://petstore.swagger.io/v2/user: {"code":200,"type":"unknown","message":"47"}
2025-11-09 00:05:48.516 | DEBUG    | src.application.utils.api_assertions:validate_response_model:38 - Valid response model for https://petstore.swagger.io/v2/user: {"code":200,"type":"unknown","message":"47"}
2025-11-09 00:05:48.517 | DEBUG    | src.core.clients.api_client:wrapper:35 - Request PATH: /user/edwardwright. Body {'id': 47, 'username': 'edwardwright', 'firstname': 'Kayla', 'lastname': 'Perez', 'email': 'georgegonzales@example.com', 'password': 'D!8ucQfvnc', 'phone': '8785683167', 'user_status': 5}. Header: None Params: None
2025-11-09 00:05:48.697 | DEBUG    | src.core.clients.api_client:wrapper:38 - Response from /user: 200 | {"code":200,"type":"unknown","message":"83824838"}
2025-11-09 00:05:48.701 | DEBUG    | src.application.utils.api_assertions:assert_status_code:17 - Valid response for https://petstore.swagger.io/v2/user: {"code":200,"type":"unknown","message":"83824838"}
2025-11-09 00:05:48.703 | DEBUG    | src.application.utils.api_assertions:validate_response_model:38 - Valid response model for https://petstore.swagger.io/v2/user: {"code":200,"type":"unknown","message":"83824838"}
2025-11-09 00:05:48.704 | DEBUG    | src.core.clients.api_client:wrapper:35 - Request PATH: /user/wilkinsbeth. Body None. Header: None Params: None
2025-11-09 00:05:48.777 | DEBUG    | src.core.clients.api_client:wrapper:38 - Response from /user/edwardwright: 200 | {"code":200,"type":"unknown","message":"47"}
2025-11-09 00:05:48.779 | DEBUG    | src.application.utils.api_assertions:assert_status_code:17 - Valid response for https://petstore.swagger.io/v2/user/edwardwright: {"code":200,"type":"unknown","message":"47"}
2025-11-09 00:05:48.968 | DEBUG    | src.core.clients.api_client:wrapper:38 - Response from /user/wilkinsbeth: 404 | {"code":1,"type":"error","message":"User not found"}
2025-11-09 00:05:48.973 | ERROR    | src.application.utils.api_assertions:assert_status_code:19 - Invalid response code: 404. Response body: {"code":1,"type":"error","message":"User not found"}
2025-11-09 00:24:05.798 | DEBUG    | src.core.clients.api_client:wrapper:32 - Request PATH: /user. Body {'id': 34633842, 'username': 'malonealexander', 'firstname': 'Glenn', 'lastname': 'Smith', 'email': 'valenciawayne@example.net', 'password': 'q4DrHQvo+v', 'phone': '001-577-655-9356x002', 'user_status': 3}. Header: None Params: None
2025-11-09 00:24:05.805 | DEBUG    | src.core.clients.api_client:wrapper:32 - Request PATH: /store/inventory. Body None. Header: None Params: None
2025-11-09 00:24:05.819 | DEBUG    | src.core.clients.api_client:wrapper:32 - Request PATH: /user. Body {'id': 77, 'username': 'john49', 'firstname': 'Steven', 'lastname': 'Bowers', 'email': 'ujohnson@example.net', 'password': '_5(ZrHiLst', 'phone': '(329)604-6022x12764', 'user_status': 1}. Header: None Params: None
2025-11-09 00:24:07.189 | DEBUG    | src.core.clients.api_client:wrapper:35 - Response from /user: 200 | {"code":200,"type":"unknown","message":"77"}
2025-11-09 00:24:07.191 | DEBUG    | src.application.utils.api_assertions:assert_status_code:17 - Valid response for https://petstore.swagger.io/v2/user: {"code":200,"type":"unknown","message":"77"}
2025-11-09 00:24:07.193 | DEBUG    | src.application.utils.api_assertions:validate_response_model:38 - Valid response model for https://petstore.swagger.io/v2/user: {"code":200,"type":"unknown","message":"77"}
2025-11-09 00:24:07.225 | DEBUG    | src.core.clients.api_client:wrapper:35 - Response from /store/inventory: 200 | {"sold":19,"placed":1,"string":646,"NOT available":1,"sold ":1,"Busy":1,"availablyyyye":1,"pending":18,"g":4,"available":252,"weisskeiner1":1,"Soled":1,"peric":2,"Sold":1,"available, sold":1,"invalid_status":2,"available_DEV":1,"not available":2,"available/pending/sold. pet status in the store (string)":4}
2025-11-09 00:24:07.228 | DEBUG    | src.application.utils.api_assertions:assert_status_code:17 - Valid response for https://petstore.swagger.io/v2/store/inventory: {"sold":19,"placed":1,"string":646,"NOT available":1,"sold ":1,"Busy":1,"availablyyyye":1,"pending":18,"g":4,"available":252,"weisskeiner1":1,"Soled":1,"peric":2,"Sold":1,"available, sold":1,"invalid_status":2,"available_DEV":1,"not available":2,"available/pending/sold. pet status in the store (string)":4}
2025-11-09 00:24:07.235 | DEBUG    | src.core.clients.api_client:wrapper:35 - Response from /user: 200 | {"code":200,"type":"unknown","message":"34633842"}
2025-11-09 00:24:07.237 | DEBUG    | src.application.utils.api_assertions:assert_status_code:17 - Valid response for https://petstore.swagger.io/v2/user: {"code":200,"type":"unknown","message":"34633842"}
2025-11-09 00:24:07.238 | DEBUG    | src.application.utils.api_assertions:validate_response_model:38 - Valid response model for https://petstore.swagger.io/v2/user: {"code":200,"type":"unknown","message":"34633842"}
2025-11-09 00:26:55.164 | DEBUG    | src.core.clients.api_client:wrapper:32 - Request PATH: /user. Body {'id': 926, 'username': 'curtisedwards', 'firstname': 'Monique', 'lastname': 'Flowers', 'email': 'johnsonmichael@example.com', 'password': '2^k6Uqc*!H', 'phone': '+1-534-273-0614x500', 'user_status': 1}. Header: None Params: None
2025-11-09 00:26:55.172 | DEBUG    | src.core.clients.api_client:wrapper:32 - Request PATH: /store/inventory. Body None. Header: None Params: None
2025-11-09 00:26:55.175 | DEBUG    | src.core.clients.api_client:wrapper:32 - Request PATH: /user. Body {'id': 2, 'username': 'parksjeffrey', 'firstname': 'Kenneth', 'lastname': 'Russell', 'email': 'ijones@example.net', 'password': '9KVTpvqQ@t', 'phone': '354.913.3177x427', 'user_status': 4}. Header: None Params: None
2025-11-09 00:26:55.344 | DEBUG    | src.core.clients.api_client:wrapper:32 - Request PATH: /user. Body {'id': 9, 'username': 'baileylauren', 'firstname': 'John', 'lastname': 'King', 'email': 'sthornton@example.org', 'password': '^jVn0Vx7la', 'phone': '554.358.8821x0033', 'user_status': 4}. Header: None Params: None
2025-11-09 00:26:56.323 | DEBUG    | src.core.clients.api_client:wrapper:35 - Response from /user: 200 | {"code":200,"type":"unknown","message":"2"}
2025-11-09 00:26:56.323 | DEBUG    | src.core.clients.api_client:wrapper:35 - Response from /user: 200 | {"code":200,"type":"unknown","message":"926"}
2025-11-09 00:26:56.323 | DEBUG    | src.core.clients.api_client:wrapper:35 - Response from /store/inventory: 200 | {"sold":18,"placed":2,"string":646,"NOT available":1,"sold ":1,"Busy":1,"availablyyyye":1,"pending":18,"g":4,"available":249,"weisskeiner1":1,"Soled":1,"peric":2,"Unavailable":1,"Sold":1,"available, sold":1,"invalid_status":2,"available_DEV":1,"not available":2,"available/pending/sold. pet status in the store (string)":4}
2025-11-09 00:26:56.328 | DEBUG    | src.application.utils.api_assertions:assert_status_code:17 - Valid response for https://petstore.swagger.io/v2/user: {"code":200,"type":"unknown","message":"2"}
2025-11-09 00:26:56.328 | DEBUG    | src.application.utils.api_assertions:assert_status_code:17 - Valid response for https://petstore.swagger.io/v2/user: {"code":200,"type":"unknown","message":"926"}
2025-11-09 00:26:56.328 | DEBUG    | src.application.utils.api_assertions:assert_status_code:17 - Valid response for https://petstore.swagger.io/v2/store/inventory: {"sold":18,"placed":2,"string":646,"NOT available":1,"sold ":1,"Busy":1,"availablyyyye":1,"pending":18,"g":4,"available":249,"weisskeiner1":1,"Soled":1,"peric":2,"Unavailable":1,"Sold":1,"available, sold":1,"invalid_status":2,"available_DEV":1,"not available":2,"available/pending/sold. pet status in the store (string)":4}
2025-11-09 00:26:56.330 | DEBUG    | src.application.utils.api_assertions:validate_response_model:38 - Valid response model for https://petstore.swagger.io/v2/user: {"code":200,"type":"unknown","message":"2"}
2025-11-09 00:26:56.330 | DEBUG    | src.application.utils.api_assertions:validate_response_model:38 - Valid response model for https://petstore.swagger.io/v2/user: {"code":200,"type":"unknown","message":"926"}
2025-11-09 00:26:56.334 | DEBUG    | src.core.clients.api_client:wrapper:32 - Request PATH: /store/order/1. Body None. Header: None Params: None
2025-11-09 00:26:56.429 | DEBUG    | src.core.clients.api_client:wrapper:35 - Response from /user: 200 | {"code":200,"type":"unknown","message":"9"}
2025-11-09 00:26:56.431 | DEBUG    | src.application.utils.api_assertions:assert_status_code:17 - Valid response for https://petstore.swagger.io/v2/user: {"code":200,"type":"unknown","message":"9"}
2025-11-09 00:26:56.433 | DEBUG    | src.application.utils.api_assertions:validate_response_model:38 - Valid response model for https://petstore.swagger.io/v2/user: {"code":200,"type":"unknown","message":"9"}
2025-11-09 00:26:56.505 | DEBUG    | src.core.clients.api_client:wrapper:32 - Request PATH: /user. Body {'id': 43207632, 'username': 'stephen18', 'firstname': 'Sandra', 'lastname': 'Bruce', 'email': 'heidivelez@example.org', 'password': '5*p04Dqtrp', 'phone': '836.992.9342x36562', 'user_status': 1}. Header: None Params: None
2025-11-09 00:26:56.598 | DEBUG    | src.core.clients.api_client:wrapper:35 - Response from /store/order/1: 404 | {"code":1,"type":"error","message":"Order not found"}
2025-11-09 00:26:56.600 | ERROR    | src.application.utils.api_assertions:assert_status_code:19 - Invalid response code: 404. Response body: {"code":1,"type":"error","message":"Order not found"}
2025-11-09 00:26:56.771 | DEBUG    | src.core.clients.api_client:wrapper:35 - Response from /user: 200 | {"code":200,"type":"unknown","message":"43207632"}
2025-11-09 00:26:56.773 | DEBUG    | src.application.utils.api_assertions:assert_status_code:17 - Valid response for https://petstore.swagger.io/v2/user: {"code":200,"type":"unknown","message":"43207632"}
2025-11-09 00:26:56.775 | DEBUG    | src.application.utils.api_assertions:validate_response_model:38 - Valid response model for https://petstore.swagger.io/v2/user: {"code":200,"type":"unknown","message":"43207632"}
2025-11-09 00:29:09.598 | DEBUG    | src.core.clients.api_client:wrapper:32 - Request PATH: /user. Body {'id': 936, 'username': 'williamsmichael', 'firstname': 'Scott', 'lastname': 'Stevenson', 'email': 'fcabrera@example.net', 'password': '0$s1DTFd(b', 'phone': '+1-456-898-4622x0118', 'user_status': 2}. Header: None Params: None
2025-11-09 00:29:09.605 | DEBUG    | src.core.clients.api_client:wrapper:32 - Request PATH: /store/inventory. Body None. Header: None Params: None
2025-11-09 00:29:09.609 | DEBUG    | src.core.clients.api_client:wrapper:32 - Request PATH: /user. Body {'id': 418973, 'username': 'treeves', 'firstname': 'Jennifer', 'lastname': 'Hays', 'email': 'thompsonkyle@example.com', 'password': '&LV+#KjRh9', 'phone': '001-744-841-3901', 'user_status': 2}. Header: None Params: None
2025-11-09 00:29:09.616 | DEBUG    | src.core.clients.api_client:wrapper:32 - Request PATH: /user/createWithList. Body [{'id': 4507507, 'username': 'andrew38', 'firstname': 'Jasmin', 'lastname': 'Walker', 'email': 'reneenorman@example.org', 'password': '*NarED5e2B', 'phone': '790-220-2180x99001', 'user_status': 3}, {'id': 773463, 'username': 'michelle30', 'firstname': 'Carolyn', 'lastname': 'Porter', 'email': 'amanda36@example.net', 'password': 'r*mqQpFf%7', 'phone': '564.578.7332', 'user_status': 3}]. Header: None Params: None
2025-11-09 00:29:10.707 | DEBUG    | src.core.clients.api_client:wrapper:35 - Response from /user: 200 | {"code":200,"type":"unknown","message":"936"}
}
2025-11-09 00:29:10.708 | DEBUG    | src.core.clients.api_client:wrapper:35 - Response from /store/inventory: 200 | {"sold":18,"available11":1,"placed":2,"string":647,"d":1,"pending":21,"available":250,"gogog":1,"Soled":1,"availabl":1,"done":1,"peric":2,"xyz":1,"Available":2,"available/pending/sold. pet status in the store (string)":2}
2025-11-09 00:29:10.711 | DEBUG    | src.application.utils.api_assertions:assert_status_code:17 - Valid response for https://petstore.swagger.io/v2/user: {"code":200,"type":"unknown","message":"418973"}
2025-11-09 00:29:10.711 | DEBUG    | src.application.utils.api_assertions:assert_status_code:17 - Valid response for https://petstore.swagger.io/v2/user: {"code":200,"type":"unknown","message":"936"}
2025-11-09 00:29:10.712 | DEBUG    | src.application.utils.api_assertions:assert_status_code:17 - Valid response for https://petstore.swagger.io/v2/store/inventory: {"sold":18,"available11":1,"placed":2,"string":647,"d":1,"pending":21,"available":250,"gogog":1,"Soled":1,"availabl":1,"done":1,"peric":2,"xyz":1,"Available":2,"available/pending/sold. pet status in the store (string)":2}
2025-11-09 00:29:10.713 | DEBUG    | src.application.utils.api_assertions:validate_response_model:38 - Valid response model for https://petstore.swagger.io/v2/user: {"code":200,"type":"unknown","message":"418973"}
2025-11-09 00:29:10.713 | DEBUG    | src.application.utils.api_assertions:validate_response_model:38 - Valid response model for https://petstore.swagger.io/v2/user: {"code":200,"type":"unknown","message":"936"}
2025-11-09 00:29:10.714 | DEBUG    | src.core.clients.api_client:wrapper:32 - Request PATH: /user/williamsmichael. Body None. Header: None Params: None
2025-11-09 00:29:10.717 | DEBUG    | src.core.clients.api_client:wrapper:32 - Request PATH: /store/order/1. Body None. Header: None Params: None
2025-11-09 00:29:10.721 | DEBUG    | src.core.clients.api_client:wrapper:32 - Request PATH: /user/createWithList. Body [{'id': 159362170, 'username': 'nmorgan', 'firstname': 'Amanda', 'lastname': 'Collins', 'email': 'glewis@example.net', 'password': '*H3+ViodO9', 'phone': '(428)261-3729', 'user_status': 5}]. Header: None Params: None
2025-11-09 00:29:10.733 | DEBUG    | src.core.clients.api_client:wrapper:35 - Response from /user/createWithList: 405 | {"code":405,"type":"unknown","message":"no data"}
2025-11-09 00:29:10.735 | ERROR    | src.application.utils.api_assertions:assert_status_code:19 - Invalid response code: 405. Response body: {"code":405,"type":"unknown","message":"no data"}
2025-11-09 00:29:10.897 | DEBUG    | src.core.clients.api_client:wrapper:32 - Request PATH: /user/createWithList. Body [{'id': 190256, 'username': 'amygood', 'firstname': 'Tommy', 'lastname': 'Martin', 'email': 'sara56@example.com', 'password': 'Mp*L1F3a(8', 'phone': '001-498-233-1987', 'user_status': 2}, {'id': 45564, 'username': 'boydtammy', 'firstname': 'Adriana', 'lastname': 'Gonzales', 'email': 'walkercarrie@example.com', 'password': '*5N8KjHyKZ', 'phone': '(799)209-7618x31869', 'user_status': 5}, {'id': 492, 'username': 'mercadokathy', 'firstname': 'Roberto', 'lastname': 'Marsh', 'email': 'joseph20@example.com', 'password': '#ByGmKiz+5', 'phone': '8759067380', 'user_status': 3}, {'id': 75, 'username': 'arangel', 'firstname': 'Matthew', 'lastname': 'Madden', 'email': 'briansnyder@example.net', 'password': 'u0ZpI1iy+z', 'phone': '+1-740-477-0393x7193', 'user_status': 5}, {'id': 19446163, 'username': 'andrearuiz', 'firstname': 'Jacob', 'lastname': 'Gonzalez', 'email': 'rowepeter@example.org', 'password': '748EY0r6%R', 'phone': '+1-686-658-8770x245', 'user_status': 5}, {'id': 28, 'username': 'hmiller', 'firstname': 'David', 'lastname': 'Lewis', 'email': 'fhall@example.org', 'password': '&*H2vplAp7', 'phone': '(954)691-2603', 'user_status': 4}, {'id': 32, 'username': 'ricardo16', 'firstname': 'Barbara', 'lastname': 'Taylor', 'email': 'williamarnold@example.org', 'password': '36(ZM)CM^s', 'phone': '+1-715-809-6362', 'user_status': 2}, {'id': 610699, 'username': 'bassjesse', 'firstname': 'Richard', 'lastname': 'Buchanan', 'email': 'christopher14@example.org', 'password': '$R!9Y6hyt0', 'phone': '641.261.0274', 'user_status': 2}, {'id': 8, 'username': 'spencerconnor', 'firstname': 'Katherine', 'lastname': 'Wilson', 'email': 'mburns@example.org', 'password': 'Fo*7dAnu#A', 'phone': '001-674-692-9953', 'user_status': 5}, {'id': 59, 'username': 'robert31', 'firstname': 'Kristen', 'lastname': 'Evans', 'email': 'hodom@example.com', 'password': '3$TDwq4J&u', 'phone': '334-563-7998x3195', 'user_status': 1}]. Header: None Params: None
2025-11-09 00:29:10.974 | DEBUG    | src.core.clients.api_client:wrapper:35 - Response from /user/williamsmichael: 404 | 
2025-11-09 00:29:10.977 | DEBUG    | src.core.clients.api_client:wrapper:35 - Response from /store/order/1: 404 | {"code":1,"type":"error","message":"Order not found"}
2025-11-09 00:29:10.978 | ERROR    | src.application.utils.api_assertions:assert_status_code:19 - Invalid response code: 404. Response body: 
2025-11-09 00:29:10.980 | DEBUG    | src.core.clients.api_client:wrapper:35 - Response from /user/createWithList: 405 | {"code":405,"type":"unknown","message":"no data"}
2025-11-09 00:29:10.980 | ERROR    | src.application.utils.api_assertions:assert_status_code:19 - Invalid response code: 404. Response body: {"code":1,"type":"error","message":"Order not found"}
2025-11-09 00:29:10.983 | ERROR    | src.application.utils.api_assertions:assert_status_code:19 - Invalid response code: 405. Response body: {"code":405,"type":"unknown","message":"no data"}
2025-11-09 00:29:11.161 | DEBUG    | src.core.clients.api_client:wrapper:35 - Response from /user/createWithList: 405 | {"code":405,"type":"unknown","message":"no data"}
2025-11-09 00:29:11.164 | ERROR    | src.application.utils.api_assertions:assert_status_code:19 - Invalid response code: 405. Response body: {"code":405,"type":"unknown","message":"no data"}
2025-11-09 00:29:11.174 | DEBUG    | src.core.clients.api_client:wrapper:32 - Request PATH: /user. Body {'id': 28, 'username': 'ruth92', 'firstname': 'Andrew', 'lastname': 'Lawrence', 'email': 'janice62@example.net', 'password': 'P7*iZEMfT@', 'phone': '(709)478-0220x3224', 'user_status': 3}. Header: None Params: None
2025-11-09 00:29:11.396 | DEBUG    | src.core.clients.api_client:wrapper:32 - Request PATH: /user. Body {'id': 89699684, 'username': 'ronaldobrien', 'firstname': 'Allison', 'lastname': 'Barker', 'email': 'ashley04@example.com', 'password': 'K4oLnCk$$g', 'phone': '+1-362-222-9804', 'user_status': 3}. Header: None Params: None
2025-11-09 00:29:11.432 | DEBUG    | src.core.clients.api_client:wrapper:35 - Response from /user: 200 | {"code":200,"type":"unknown","message":"28"}
2025-11-09 00:29:11.436 | DEBUG    | src.application.utils.api_assertions:assert_status_code:17 - Valid response for https://petstore.swagger.io/v2/user: {"code":200,"type":"unknown","message":"28"}
2025-11-09 00:29:11.438 | DEBUG    | src.application.utils.api_assertions:validate_response_model:38 - Valid response model for https://petstore.swagger.io/v2/user: {"code":200,"type":"unknown","message":"28"}
2025-11-09 00:29:11.440 | DEBUG    | src.core.clients.api_client:wrapper:32 - Request PATH: /user/ruth92. Body None. Header: None Params: None
2025-11-09 00:29:11.698 | DEBUG    | src.core.clients.api_client:wrapper:35 - Response from /user/ruth92: 404 | {"code":1,"type":"error","message":"User not found"}
2025-11-09 00:29:11.702 | ERROR    | src.application.utils.api_assertions:assert_status_code:19 - Invalid response code: 404. Response body: {"code":1,"type":"error","message":"User not found"}
2025-11-09 00:29:12.476 | DEBUG    | src.core.clients.api_client:wrapper:35 - Response from /user: 200 | {"code":200,"type":"unknown","message":"89699684"}
2025-11-09 00:29:12.479 | DEBUG    | src.application.utils.api_assertions:assert_status_code:17 - Valid response for https://petstore.swagger.io/v2/user: {"code":200,"type":"unknown","message":"89699684"}
2025-11-09 00:29:12.481 | DEBUG    | src.application.utils.api_assertions:validate_response_model:38 - Valid response model for https://petstore.swagger.io/v2/user: {"code":200,"type":"unknown","message":"89699684"}
2025-11-09 00:29:12.481 | DEBUG    | src.core.clients.api_client:wrapper:32 - Request PATH: /user/ronaldobrien. Body {'id': 89699684, 'username': 'ronaldobrien', 'firstname': 'Allison', 'lastname': 'Barker', 'email': 'ashley04@example.com', 'password': 'K4oLnCk$$g', 'phone': '+1-362-222-9804', 'user_status': 3}. Header: None Params: None
2025-11-09 00:29:12.747 | DEBUG    | src.core.clients.api_client:wrapper:35 - Response from /user/ronaldobrien: 200 | {"code":200,"type":"unknown","message":"89699684"}
2025-11-09 00:29:12.751 | DEBUG    | src.application.utils.api_assertions:assert_status_code:17 - Valid response for https://petstore.swagger.io/v2/user/ronaldobrien: {"code":200,"type":"unknown","message":"89699684"}
2025-11-09 00:29:59.629 | DEBUG    | src.core.clients.api_client:wrapper:32 - Request PATH: /user/createWithList. Body [{'id': 5842, 'username': 'norma73', 'firstname': 'Omar', 'lastname': 'Martinez', 'email': 'rick78@example.net', 'password': '%2GU)_b+34', 'phone': '+1-763-299-3387x0758', 'user_status': 5}, {'id': 290297, 'username': 'eric98', 'firstname': 'Jasmine', 'lastname': 'Christian', 'email': 'xthomas@example.com', 'password': 'f14%&SJi@D', 'phone': '9967555697', 'user_status': 2}]. Header: None Params: None
2025-11-09 00:29:59.636 | DEBUG    | src.core.clients.api_client:wrapper:32 - Request PATH: /user. Body {'id': 500109, 'username': 'laura48', 'firstname': 'Christopher', 'lastname': 'Williams', 'email': 'patricia62@example.org', 'password': '&O6SRAie3e', 'phone': '258-513-4319x575', 'user_status': 3}. Header: None Params: None
2025-11-09 00:29:59.639 | DEBUG    | src.core.clients.api_client:wrapper:32 - Request PATH: /user. Body {'id': 69, 'username': 'millersara', 'firstname': 'Brandon', 'lastname': 'Baker', 'email': 'rachel11@example.com', 'password': '&AJ$7hSlL(', 'phone': '990.408.9117x8696', 'user_status': 2}. Header: None Params: None
2025-11-09 00:29:59.643 | DEBUG    | src.core.clients.api_client:wrapper:32 - Request PATH: /store/inventory. Body None. Header: None Params: None
2025-11-09 00:30:00.690 | DEBUG    | src.core.clients.api_client:wrapper:35 - Response from /user: 200 | {"code":200,"type":"unknown","message":"500109"}
2025-11-09 00:30:00.691 | DEBUG    | src.core.clients.api_client:wrapper:35 - Response from /user: 200 | {"code":200,"type":"unknown","message":"69"}
2025-11-09 00:30:00.693 | DEBUG    | src.application.utils.api_assertions:assert_status_code:17 - Valid response for https://petstore.swagger.io/v2/user: {"code":200,"type":"unknown","message":"500109"}
2025-11-09 00:30:00.693 | DEBUG    | src.application.utils.api_assertions:assert_status_code:17 - Valid response for https://petstore.swagger.io/v2/user: {"code":200,"type":"unknown","message":"69"}
2025-11-09 00:30:00.694 | DEBUG    | src.application.utils.api_assertions:validate_response_model:38 - Valid response model for https://petstore.swagger.io/v2/user: {"code":200,"type":"unknown","message":"500109"}
2025-11-09 00:30:00.695 | DEBUG    | src.application.utils.api_assertions:validate_response_model:38 - Valid response model for https://petstore.swagger.io/v2/user: {"code":200,"type":"unknown","message":"69"}
2025-11-09 00:30:00.696 | DEBUG    | src.core.clients.api_client:wrapper:32 - Request PATH: /user/millersara. Body None. Header: None Params: None
2025-11-09 00:30:00.701 | DEBUG    | src.core.clients.api_client:wrapper:32 - Request PATH: /user/createWithList. Body [{'id': 5653, 'username': 'uhanna', 'firstname': 'Kenneth', 'lastname': 'Mcbride', 'email': 'leonmary@example.com', 'password': 'm94GBJr5(h', 'phone': '424.886.7776x9845', 'user_status': 1}]. Header: None Params: None
2025-11-09 00:30:00.713 | DEBUG    | src.core.clients.api_client:wrapper:35 - Response from /user/createWithList: 405 | {"code":405,"type":"unknown","message":"no data"}
2025-11-09 00:30:00.715 | ERROR    | src.application.utils.api_assertions:assert_status_code:19 - Invalid response code: 405. Response body: {"code":405,"type":"unknown","message":"no data"}
2025-11-09 00:30:00.722 | DEBUG    | src.core.clients.api_client:wrapper:35 - Response from /store/inventory: 200 | {"sold":19,"available11":1,"placed":2,"string":646,"d":1,"pending":21,"available":250,"gogog":1,"Soled":1,"availabl":1,"done":1,"peric":2,"xyz":1,"Available":2,"available/pending/sold. pet status in the store (string)":2}
2025-11-09 00:30:00.724 | DEBUG    | src.application.utils.api_assertions:assert_status_code:17 - Valid response for https://petstore.swagger.io/v2/store/inventory: {"sold":19,"available11":1,"placed":2,"string":646,"d":1,"pending":21,"available":250,"gogog":1,"Soled":1,"availabl":1,"done":1,"peric":2,"xyz":1,"Available":2,"available/pending/sold. pet status in the store (string)":2}
2025-11-09 00:30:00.729 | DEBUG    | src.core.clients.api_client:wrapper:32 - Request PATH: /store/order/1. Body None. Header: None Params: None
2025-11-09 00:30:00.885 | DEBUG    | src.core.clients.api_client:wrapper:32 - Request PATH: /user/createWithList. Body [{'id': 604629, 'username': 'tracihanson', 'firstname': 'Cynthia', 'lastname': 'Casey', 'email': 'christopherbuckley@example.net', 'password': '8ocpGpV))H', 'phone': '602.441.5615x968', 'user_status': 4}, {'id': 44072, 'username': 'iellis', 'firstname': 'Ryan', 'lastname': 'Scott', 'email': 'wrodriguez@example.com', 'password': 'C6Nn2FyM#!', 'phone': '(942)777-9655x311', 'user_status': 5}, {'id': 2516910, 'username': 'tjefferson', 'firstname': 'Sonya', 'lastname': 'Bennett', 'email': 'davisjenna@example.net', 'password': 'QB+i2Ahau#', 'phone': '+1-704-215-8818', 'user_status': 1}, {'id': 414, 'username': 'petersonmartha', 'firstname': 'Kyle', 'lastname': 'Reed', 'email': 'rwood@example.org', 'password': '^86YHdNceS', 'phone': '657.921.6030x918', 'user_status': 2}, {'id': 912163704, 'username': 'sarah82', 'firstname': 'Raymond', 'lastname': 'Smith', 'email': 'anthonyrocha@example.org', 'password': 'Yr8S#XsMr@', 'phone': '+1-381-929-6142x204', 'user_status': 4}, {'id': 35910, 'username': 'clarkjuan', 'firstname': 'Joseph', 'lastname': 'Adkins', 'email': 'kelsey08@example.net', 'password': ')fatMtuiv4', 'phone': '441-378-2671x1073', 'user_status': 5}, {'id': 182, 'username': 'hamiltonsharon', 'firstname': 'Daniel', 'lastname': 'Nelson', 'email': 'alexanderjacob@example.com', 'password': '(@5IRqwFmF', 'phone': '(437)345-1392', 'user_status': 4}, {'id': 3327822, 'username': 'leeangela', 'firstname': 'Steven', 'lastname': 'Gonzales', 'email': 'jessemartinez@example.com', 'password': 'Rs3BjLe4D$', 'phone': '001-961-564-2336x227', 'user_status': 3}, {'id': 12148, 'username': 'danielcook', 'firstname': 'Todd', 'lastname': 'Carrillo', 'email': 'david65@example.com', 'password': '@w_JeH4f15', 'phone': '+1-958-935-7575x9944', 'user_status': 5}, {'id': 136, 'username': 'chandlerjoseph', 'firstname': 'Christopher', 'lastname': 'Vazquez', 'email': 'melissa45@example.com', 'password': 'SQ8TTo!Xv*', 'phone': '9226077215', 'user_status': 1}]. Header: None Params: None
2025-11-09 00:30:00.956 | DEBUG    | src.core.clients.api_client:wrapper:35 - Response from /user/millersara: 404 | 
2025-11-09 00:30:00.961 | ERROR    | src.application.utils.api_assertions:assert_status_code:19 - Invalid response code: 404. Response body: 
2025-11-09 00:30:00.962 | DEBUG    | src.core.clients.api_client:wrapper:35 - Response from /user/createWithList: 405 | {"code":405,"type":"unknown","message":"no data"}
2025-11-09 00:30:00.965 | ERROR    | src.application.utils.api_assertions:assert_status_code:19 - Invalid response code: 405. Response body: {"code":405,"type":"unknown","message":"no data"}
2025-11-09 00:30:00.992 | DEBUG    | src.core.clients.api_client:wrapper:35 - Response from /store/order/1: 404 | {"code":1,"type":"error","message":"Order not found"}
2025-11-09 00:30:00.995 | ERROR    | src.application.utils.api_assertions:assert_status_code:19 - Invalid response code: 404. Response body: {"code":1,"type":"error","message":"Order not found"}
2025-11-09 00:30:01.151 | DEBUG    | src.core.clients.api_client:wrapper:35 - Response from /user/createWithList: 405 | {"code":405,"type":"unknown","message":"no data"}
2025-11-09 00:30:01.154 | ERROR    | src.application.utils.api_assertions:assert_status_code:19 - Invalid response code: 405. Response body: {"code":405,"type":"unknown","message":"no data"}
2025-11-09 00:30:01.158 | DEBUG    | src.core.clients.api_client:wrapper:32 - Request PATH: /user. Body {'id': 4776, 'username': 'margaret80', 'firstname': 'Jennifer', 'lastname': 'Williams', 'email': 'sarah75@example.com', 'password': '@bQvn)g#f6', 'phone': '974.616.7001', 'user_status': 3}. Header: None Params: None
2025-11-09 00:30:01.161 | DEBUG    | src.core.clients.api_client:wrapper:32 - Request PATH: /user. Body {'id': 6, 'username': 'rreyes', 'firstname': 'Katelyn', 'lastname': 'Simon', 'email': 'bgarza@example.net', 'password': 'E2q7UIt2*%', 'phone': '+1-746-974-2792', 'user_status': 3}. Header: None Params: None
2025-11-09 00:30:01.417 | DEBUG    | src.core.clients.api_client:wrapper:35 - Response from /user: 200 | {"code":200,"type":"unknown","message":"4776"}
2025-11-09 00:30:01.420 | DEBUG    | src.application.utils.api_assertions:assert_status_code:17 - Valid response for https://petstore.swagger.io/v2/user: {"code":200,"type":"unknown","message":"4776"}
2025-11-09 00:30:01.423 | DEBUG    | src.core.clients.api_client:wrapper:35 - Response from /user: 200 | {"code":200,"type":"unknown","message":"6"}
2025-11-09 00:30:01.423 | DEBUG    | src.application.utils.api_assertions:validate_response_model:38 - Valid response model for https://petstore.swagger.io/v2/user: {"code":200,"type":"unknown","message":"4776"}
2025-11-09 00:30:01.424 | DEBUG    | src.core.clients.api_client:wrapper:32 - Request PATH: /user/margaret80. Body None. Header: None Params: None
2025-11-09 00:30:01.425 | DEBUG    | src.application.utils.api_assertions:assert_status_code:17 - Valid response for https://petstore.swagger.io/v2/user: {"code":200,"type":"unknown","message":"6"}
2025-11-09 00:30:01.427 | DEBUG    | src.application.utils.api_assertions:validate_response_model:38 - Valid response model for https://petstore.swagger.io/v2/user: {"code":200,"type":"unknown","message":"6"}
2025-11-09 00:30:01.428 | DEBUG    | src.core.clients.api_client:wrapper:32 - Request PATH: /user/rreyes. Body {'id': 6, 'username': 'rreyes', 'firstname': 'Katelyn', 'lastname': 'Simon', 'email': 'bgarza@example.net', 'password': 'E2q7UIt2*%', 'phone': '+1-746-974-2792', 'user_status': 3}. Header: None Params: None
2025-11-09 00:30:01.685 | DEBUG    | src.core.clients.api_client:wrapper:35 - Response from /user/margaret80: 404 | {"code":1,"type":"error","message":"User not found"}
2025-11-09 00:30:01.687 | DEBUG    | src.core.clients.api_client:wrapper:35 - Response from /user/rreyes: 200 | {"code":200,"type":"unknown","message":"6"}
2025-11-09 00:30:01.689 | ERROR    | src.application.utils.api_assertions:assert_status_code:19 - Invalid response code: 404. Response body: {"code":1,"type":"error","message":"User not found"}
2025-11-09 00:30:01.689 | DEBUG    | src.application.utils.api_assertions:assert_status_code:17 - Valid response for https://petstore.swagger.io/v2/user/rreyes: {"code":200,"type":"unknown","message":"6"}
2025-11-09 00:49:25.392 | DEBUG    | src.core.clients.api_client:wrapper:29 - Request PATH: /store/inventory. Body None. Header: None Params: None
2025-11-09 00:49:25.404 | DEBUG    | src.core.clients.api_client:wrapper:29 - Request PATH: /user. Body {'id': 278714570, 'username': 'howardelizabeth', 'firstname': 'Rodney', 'lastname': 'Hess', 'email': 'richardsscott@example.net', 'password': '6w$9vqCl*S', 'phone': '549-354-5276x80060', 'user_status': 4}. Header: None Params: None
2025-11-09 00:49:25.404 | DEBUG    | src.core.clients.api_client:wrapper:29 - Request PATH: /user/createWithList. Body [{'id': 9, 'username': 'brett17', 'firstname': 'Pamela', 'lastname': 'Reyes', 'email': 'jacob02@example.net', 'password': '+BbOudDg52', 'phone': '001-798-447-0433x776', 'user_status': 4}, {'id': 2692175, 'username': 'briangonzalez', 'firstname': 'Nathaniel', 'lastname': 'Wilson', 'email': 'jennifermatthews@example.com', 'password': 'bKM9Tj0d$@', 'phone': '001-925-750-3206x881', 'user_status': 5}]. Header: None Params: None
2025-11-09 00:49:25.406 | DEBUG    | src.core.clients.api_client:wrapper:29 - Request PATH: /user. Body {'id': 272234325, 'username': 'joel07', 'firstname': 'Kimberly', 'lastname': 'Riggs', 'email': 'janice90@example.org', 'password': 'V@2K4CKyef', 'phone': '+1-686-469-6985', 'user_status': 2}. Header: None Params: None
2025-11-09 00:49:26.513 | DEBUG    | src.core.clients.api_client:wrapper:32 - Response from /user/createWithList: 415 | {"code":415,"type":"unknown","message":"com.sun.jersey.api.MessageException: A message body reader for Java class java.util.List, and Java type java.util.List<io.swagger.sample.model.User>, and MIME media type application/octet-stream was not found.\nThe registered message body readers compatible with the MIME media type are:\n*/* ->\n  com.sun.jersey.core.impl.provider.entity.FormProvider\n  com.sun.jersey.core.impl.provider.entity.StringProvider\n  com.sun.jersey.core.impl.provider.entity.ByteArrayProvider\n  com.sun.jersey.core.impl.provider.entity.FileProvider\n  com.sun.jersey.core.impl.provider.entity.InputStreamProvider\n  com.sun.jersey.core.impl.provider.entity.DataSourceProvider\n  com.sun.jersey.core.impl.provider.entity.XMLJAXBElementProvider$General\n  com.sun.jersey.core.impl.provider.entity.ReaderProvider\n  com.sun.jersey.core.impl.provider.entity.DocumentProvider\n  com.sun.jersey.core.impl.provider.entity.SourceProvider$StreamSourceReader\n  com.sun.jersey.core.impl.provider.entity.SourceProvider$SAXSourceReader\n  com.sun.jersey.core.impl.provider.entity.SourceProvider$DOMSourceReader\n  com.sun.jersey.json.impl.provider.entity.JSONJAXBElementProvider$General\n  com.sun.jersey.json.impl.provider.entity.JSONArrayProvider$General\n  com.sun.jersey.json.impl.provider.entity.JSONObjectProvider$General\n  com.fasterxml.jackson.jaxrs.json.JacksonJsonProvider\n  com.sun.jersey.core.impl.provider.entity.XMLRootElementProvider$General\n  com.sun.jersey.core.impl.provider.entity.XMLListElementProvider$General\n  com.sun.jersey.core.impl.provider.entity.XMLRootObjectProvider$General\n  com.sun.jersey.core.impl.provider.entity.EntityHolderReader\n  com.sun.jersey.json.impl.provider.entity.JSONRootElementProvider$General\n  com.sun.jersey.json.impl.provider.entity.JSONListElementProvider$General\n  com.sun.jersey.json.impl.provider.entity.JacksonProviderProxy\napplication/octet-stream ->\n  com.sun.jersey.core.impl.provider.entity.ByteArrayProvider\n  com.sun.jersey.core.impl.provider.entity.FileProvider\n  com.sun.jersey.core.impl.provider.entity.InputStreamProvider\n  com.sun.jersey.core.impl.provider.entity.DataSourceProvider\n  com.sun.jersey.core.impl.provider.entity.RenderedImageProvider\n"}
2025-11-09 00:49:26.517 | ERROR    | src.application.utils.api_assertions:assert_status_code:19 - Invalid response code: 415. Response body: {"code":415,"type":"unknown","message":"com.sun.jersey.api.MessageException: A message body reader for Java class java.util.List, and Java type java.util.List<io.swagger.sample.model.User>, and MIME media type application/octet-stream was not found.\nThe registered message body readers compatible with the MIME media type are:\n*/* ->\n  com.sun.jersey.core.impl.provider.entity.FormProvider\n  com.sun.jersey.core.impl.provider.entity.StringProvider\n  com.sun.jersey.core.impl.provider.entity.ByteArrayProvider\n  com.sun.jersey.core.impl.provider.entity.FileProvider\n  com.sun.jersey.core.impl.provider.entity.InputStreamProvider\n  com.sun.jersey.core.impl.provider.entity.DataSourceProvider\n  com.sun.jersey.core.impl.provider.entity.XMLJAXBElementProvider$General\n  com.sun.jersey.core.impl.provider.entity.ReaderProvider\n  com.sun.jersey.core.impl.provider.entity.DocumentProvider\n  com.sun.jersey.core.impl.provider.entity.SourceProvider$StreamSourceReader\n  com.sun.jersey.core.impl.provider.entity.SourceProvider$SAXSourceReader\n  com.sun.jersey.core.impl.provider.entity.SourceProvider$DOMSourceReader\n  com.sun.jersey.json.impl.provider.entity.JSONJAXBElementProvider$General\n  com.sun.jersey.json.impl.provider.entity.JSONArrayProvider$General\n  com.sun.jersey.json.impl.provider.entity.JSONObjectProvider$General\n  com.fasterxml.jackson.jaxrs.json.JacksonJsonProvider\n  com.sun.jersey.core.impl.provider.entity.XMLRootElementProvider$General\n  com.sun.jersey.core.impl.provider.entity.XMLListElementProvider$General\n  com.sun.jersey.core.impl.provider.entity.XMLRootObjectProvider$General\n  com.sun.jersey.core.impl.provider.entity.EntityHolderReader\n  com.sun.jersey.json.impl.provider.entity.JSONRootElementProvider$General\n  com.sun.jersey.json.impl.provider.entity.JSONListElementProvider$General\n  com.sun.jersey.json.impl.provider.entity.JacksonProviderProxy\napplication/octet-stream ->\n  com.sun.jersey.core.impl.provider.entity.ByteArrayProvider\n  com.sun.jersey.core.impl.provider.entity.FileProvider\n  com.sun.jersey.core.impl.provider.entity.InputStreamProvider\n  com.sun.jersey.core.impl.provider.entity.DataSourceProvider\n  com.sun.jersey.core.impl.provider.entity.RenderedImageProvider\n"}
2025-11-09 00:49:26.526 | DEBUG    | src.core.clients.api_client:wrapper:32 - Response from /store/inventory: 200 | {"sold":16,"placed":2,"string":593,"NOT available":1,"sold ":1,"pending":17,"g":4,"available":313,"weisskeiner1":1,"Soled":1,"peric":2,"Unavailable":2,"Sold":1,"available, sold":1,"invalid_status":2,"available_DEV":1,"not available":1,"Available":2,"available/pending/sold. pet status in the store (string)":4}
2025-11-09 00:49:26.529 | DEBUG    | src.application.utils.api_assertions:assert_status_code:17 - Valid response for https://petstore.swagger.io/v2/store/inventory: {"sold":16,"placed":2,"string":593,"NOT available":1,"sold ":1,"pending":17,"g":4,"available":313,"weisskeiner1":1,"Soled":1,"peric":2,"Unavailable":2,"Sold":1,"available, sold":1,"invalid_status":2,"available_DEV":1,"not available":1,"Available":2,"available/pending/sold. pet status in the store (string)":4}
2025-11-09 00:49:26.532 | DEBUG    | src.core.clients.api_client:wrapper:32 - Response from /user: 200 | {"code":200,"type":"unknown","message":"278714570"}
2025-11-09 00:49:26.533 | DEBUG    | src.application.utils.api_assertions:assert_status_code:17 - Valid response for https://petstore.swagger.io/v2/user: {"code":200,"type":"unknown","message":"278714570"}
2025-11-09 00:49:26.534 | DEBUG    | src.core.clients.api_client:wrapper:29 - Request PATH: /store/order/1. Body None. Header: None Params: None
2025-11-09 00:49:26.535 | DEBUG    | src.application.utils.api_assertions:validate_response_model:38 - Valid response model for https://petstore.swagger.io/v2/user: {"code":200,"type":"unknown","message":"278714570"}
2025-11-09 00:49:26.543 | DEBUG    | src.core.clients.api_client:wrapper:32 - Response from /user: 200 | {"code":200,"type":"unknown","message":"272234325"}
2025-11-09 00:49:26.544 | DEBUG    | src.core.clients.api_client:wrapper:29 - Request PATH: /user/createWithList. Body [{'id': 2947509, 'username': 'marie28', 'firstname': 'Pam', 'lastname': 'Moreno', 'email': 'blackburntina@example.net', 'password': 'GJ3AqsOY2%', 'phone': '(357)635-4862', 'user_status': 4}]. Header: None Params: None
2025-11-09 00:49:26.546 | DEBUG    | src.application.utils.api_assertions:assert_status_code:17 - Valid response for https://petstore.swagger.io/v2/user: {"code":200,"type":"unknown","message":"272234325"}
2025-11-09 00:49:26.547 | DEBUG    | src.application.utils.api_assertions:validate_response_model:38 - Valid response model for https://petstore.swagger.io/v2/user: {"code":200,"type":"unknown","message":"272234325"}
2025-11-09 00:49:26.548 | DEBUG    | src.core.clients.api_client:wrapper:29 - Request PATH: /user/joel07. Body None. Header: None Params: None
2025-11-09 00:49:26.793 | DEBUG    | src.core.clients.api_client:wrapper:32 - Response from /store/order/1: 404 | {"code":1,"type":"error","message":"Order not found"}
2025-11-09 00:49:26.798 | ERROR    | src.application.utils.api_assertions:assert_status_code:19 - Invalid response code: 404. Response body: {"code":1,"type":"error","message":"Order not found"}
2025-11-09 00:49:26.808 | DEBUG    | src.core.clients.api_client:wrapper:32 - Response from /user/createWithList: 415 | {"code":415,"type":"unknown","message":"com.sun.jersey.api.MessageException: A message body reader for Java class java.util.List, and Java type java.util.List<io.swagger.sample.model.User>, and MIME media type application/octet-stream was not found.\nThe registered message body readers compatible with the MIME media type are:\n*/* ->\n  com.sun.jersey.core.impl.provider.entity.FormProvider\n  com.sun.jersey.core.impl.provider.entity.StringProvider\n  com.sun.jersey.core.impl.provider.entity.ByteArrayProvider\n  com.sun.jersey.core.impl.provider.entity.FileProvider\n  com.sun.jersey.core.impl.provider.entity.InputStreamProvider\n  com.sun.jersey.core.impl.provider.entity.DataSourceProvider\n  com.sun.jersey.core.impl.provider.entity.XMLJAXBElementProvider$General\n  com.sun.jersey.core.impl.provider.entity.ReaderProvider\n  com.sun.jersey.core.impl.provider.entity.DocumentProvider\n  com.sun.jersey.core.impl.provider.entity.SourceProvider$StreamSourceReader\n  com.sun.jersey.core.impl.provider.entity.SourceProvider$SAXSourceReader\n  com.sun.jersey.core.impl.provider.entity.SourceProvider$DOMSourceReader\n  com.sun.jersey.json.impl.provider.entity.JSONJAXBElementProvider$General\n  com.sun.jersey.json.impl.provider.entity.JSONArrayProvider$General\n  com.sun.jersey.json.impl.provider.entity.JSONObjectProvider$General\n  com.fasterxml.jackson.jaxrs.json.JacksonJsonProvider\n  com.sun.jersey.core.impl.provider.entity.XMLRootElementProvider$General\n  com.sun.jersey.core.impl.provider.entity.XMLListElementProvider$General\n  com.sun.jersey.core.impl.provider.entity.XMLRootObjectProvider$General\n  com.sun.jersey.core.impl.provider.entity.EntityHolderReader\n  com.sun.jersey.json.impl.provider.entity.JSONRootElementProvider$General\n  com.sun.jersey.json.impl.provider.entity.JSONListElementProvider$General\n  com.sun.jersey.json.impl.provider.entity.JacksonProviderProxy\napplication/octet-stream ->\n  com.sun.jersey.core.impl.provider.entity.ByteArrayProvider\n  com.sun.jersey.core.impl.provider.entity.FileProvider\n  com.sun.jersey.core.impl.provider.entity.InputStreamProvider\n  com.sun.jersey.core.impl.provider.entity.DataSourceProvider\n  com.sun.jersey.core.impl.provider.entity.RenderedImageProvider\n"}
2025-11-09 00:49:26.811 | ERROR    | src.application.utils.api_assertions:assert_status_code:19 - Invalid response code: 415. Response body: {"code":415,"type":"unknown","message":"com.sun.jersey.api.MessageException: A message body reader for Java class java.util.List, and Java type java.util.List<io.swagger.sample.model.User>, and MIME media type application/octet-stream was not found.\nThe registered message body readers compatible with the MIME media type are:\n*/* ->\n  com.sun.jersey.core.impl.provider.entity.FormProvider\n  com.sun.jersey.core.impl.provider.entity.StringProvider\n  com.sun.jersey.core.impl.provider.entity.ByteArrayProvider\n  com.sun.jersey.core.impl.provider.entity.FileProvider\n  com.sun.jersey.core.impl.provider.entity.InputStreamProvider\n  com.sun.jersey.core.impl.provider.entity.DataSourceProvider\n  com.sun.jersey.core.impl.provider.entity.XMLJAXBElementProvider$General\n  com.sun.jersey.core.impl.provider.entity.ReaderProvider\n  com.sun.jersey.core.impl.provider.entity.DocumentProvider\n  com.sun.jersey.core.impl.provider.entity.SourceProvider$StreamSourceReader\n  com.sun.jersey.core.impl.provider.entity.SourceProvider$SAXSourceReader\n  com.sun.jersey.core.impl.provider.entity.SourceProvider$DOMSourceReader\n  com.sun.jersey.json.impl.provider.entity.JSONJAXBElementProvider$General\n  com.sun.jersey.json.impl.provider.entity.JSONArrayProvider$General\n  com.sun.jersey.json.impl.provider.entity.JSONObjectProvider$General\n  com.fasterxml.jackson.jaxrs.json.JacksonJsonProvider\n  com.sun.jersey.core.impl.provider.entity.XMLRootElementProvider$General\n  com.sun.jersey.core.impl.provider.entity.XMLListElementProvider$General\n  com.sun.jersey.core.impl.provider.entity.XMLRootObjectProvider$General\n  com.sun.jersey.core.impl.provider.entity.EntityHolderReader\n  com.sun.jersey.json.impl.provider.entity.JSONRootElementProvider$General\n  com.sun.jersey.json.impl.provider.entity.JSONListElementProvider$General\n  com.sun.jersey.json.impl.provider.entity.JacksonProviderProxy\napplication/octet-stream ->\n  com.sun.jersey.core.impl.provider.entity.ByteArrayProvider\n  com.sun.jersey.core.impl.provider.entity.FileProvider\n  com.sun.jersey.core.impl.provider.entity.InputStreamProvider\n  com.sun.jersey.core.impl.provider.entity.DataSourceProvider\n  com.sun.jersey.core.impl.provider.entity.RenderedImageProvider\n"}
2025-11-09 00:49:26.813 | DEBUG    | src.core.clients.api_client:wrapper:32 - Response from /user/joel07: 404 | 
2025-11-09 00:49:26.816 | ERROR    | src.application.utils.api_assertions:assert_status_code:19 - Invalid response code: 404. Response body: 
2025-11-09 00:49:31.685 | DEBUG    | src.core.clients.api_client:wrapper:29 - Request PATH: /user/createWithList. Body [{'id': 78, 'username': 'jacksondiana', 'firstname': 'Melissa', 'lastname': 'Arnold', 'email': 'laura75@example.org', 'password': '3dI8M2rt3(', 'phone': '981.603.2428', 'user_status': 3}, {'id': 946670586, 'username': 'lorihernandez', 'firstname': 'Melissa', 'lastname': 'Kirk', 'email': 'montgomerymatthew@example.com', 'password': 'dlfJ#_yH)3', 'phone': '870.386.3564', 'user_status': 4}]. Header: None Params: None
2025-11-09 00:49:31.993 | DEBUG    | src.core.clients.api_client:wrapper:29 - Request PATH: /store/order/1. Body None. Header: None Params: None
2025-11-09 00:49:32.010 | DEBUG    | src.core.clients.api_client:wrapper:29 - Request PATH: /user/createWithList. Body [{'id': 6188, 'username': 'gvasquez', 'firstname': 'Christopher', 'lastname': 'Hernandez', 'email': 'bcole@example.com', 'password': 'YW0TkNq%*G', 'phone': '001-922-543-7774x849', 'user_status': 1}]. Header: None Params: None
2025-11-09 00:49:32.011 | DEBUG    | src.core.clients.api_client:wrapper:29 - Request PATH: /user. Body {'id': 266, 'username': 'joshua18', 'firstname': 'Mary', 'lastname': 'Stewart', 'email': 'edwardssteven@example.com', 'password': 'hS7D&ZYv^7', 'phone': '(703)714-2785', 'user_status': 4}. Header: None Params: None
2025-11-09 00:49:32.758 | DEBUG    | src.core.clients.api_client:wrapper:32 - Response from /user/createWithList: 415 | {"code":415,"type":"unknown","message":"com.sun.jersey.api.MessageException: A message body reader for Java class java.util.List, and Java type java.util.List<io.swagger.sample.model.User>, and MIME media type application/octet-stream was not found.\nThe registered message body readers compatible with the MIME media type are:\n*/* ->\n  com.sun.jersey.core.impl.provider.entity.FormProvider\n  com.sun.jersey.core.impl.provider.entity.StringProvider\n  com.sun.jersey.core.impl.provider.entity.ByteArrayProvider\n  com.sun.jersey.core.impl.provider.entity.FileProvider\n  com.sun.jersey.core.impl.provider.entity.InputStreamProvider\n  com.sun.jersey.core.impl.provider.entity.DataSourceProvider\n  com.sun.jersey.core.impl.provider.entity.XMLJAXBElementProvider$General\n  com.sun.jersey.core.impl.provider.entity.ReaderProvider\n  com.sun.jersey.core.impl.provider.entity.DocumentProvider\n  com.sun.jersey.core.impl.provider.entity.SourceProvider$StreamSourceReader\n  com.sun.jersey.core.impl.provider.entity.SourceProvider$SAXSourceReader\n  com.sun.jersey.core.impl.provider.entity.SourceProvider$DOMSourceReader\n  com.sun.jersey.json.impl.provider.entity.JSONJAXBElementProvider$General\n  com.sun.jersey.json.impl.provider.entity.JSONArrayProvider$General\n  com.sun.jersey.json.impl.provider.entity.JSONObjectProvider$General\n  com.fasterxml.jackson.jaxrs.json.JacksonJsonProvider\n  com.sun.jersey.core.impl.provider.entity.XMLRootElementProvider$General\n  com.sun.jersey.core.impl.provider.entity.XMLListElementProvider$General\n  com.sun.jersey.core.impl.provider.entity.XMLRootObjectProvider$General\n  com.sun.jersey.core.impl.provider.entity.EntityHolderReader\n  com.sun.jersey.json.impl.provider.entity.JSONRootElementProvider$General\n  com.sun.jersey.json.impl.provider.entity.JSONListElementProvider$General\n  com.sun.jersey.json.impl.provider.entity.JacksonProviderProxy\napplication/octet-stream ->\n  com.sun.jersey.core.impl.provider.entity.ByteArrayProvider\n  com.sun.jersey.core.impl.provider.entity.FileProvider\n  com.sun.jersey.core.impl.provider.entity.InputStreamProvider\n  com.sun.jersey.core.impl.provider.entity.DataSourceProvider\n  com.sun.jersey.core.impl.provider.entity.RenderedImageProvider\n"}
2025-11-09 00:49:32.762 | ERROR    | src.application.utils.api_assertions:assert_status_code:19 - Invalid response code: 415. Response body: {"code":415,"type":"unknown","message":"com.sun.jersey.api.MessageException: A message body reader for Java class java.util.List, and Java type java.util.List<io.swagger.sample.model.User>, and MIME media type application/octet-stream was not found.\nThe registered message body readers compatible with the MIME media type are:\n*/* ->\n  com.sun.jersey.core.impl.provider.entity.FormProvider\n  com.sun.jersey.core.impl.provider.entity.StringProvider\n  com.sun.jersey.core.impl.provider.entity.ByteArrayProvider\n  com.sun.jersey.core.impl.provider.entity.FileProvider\n  com.sun.jersey.core.impl.provider.entity.InputStreamProvider\n  com.sun.jersey.core.impl.provider.entity.DataSourceProvider\n  com.sun.jersey.core.impl.provider.entity.XMLJAXBElementProvider$General\n  com.sun.jersey.core.impl.provider.entity.ReaderProvider\n  com.sun.jersey.core.impl.provider.entity.DocumentProvider\n  com.sun.jersey.core.impl.provider.entity.SourceProvider$StreamSourceReader\n  com.sun.jersey.core.impl.provider.entity.SourceProvider$SAXSourceReader\n  com.sun.jersey.core.impl.provider.entity.SourceProvider$DOMSourceReader\n  com.sun.jersey.json.impl.provider.entity.JSONJAXBElementProvider$General\n  com.sun.jersey.json.impl.provider.entity.JSONArrayProvider$General\n  com.sun.jersey.json.impl.provider.entity.JSONObjectProvider$General\n  com.fasterxml.jackson.jaxrs.json.JacksonJsonProvider\n  com.sun.jersey.core.impl.provider.entity.XMLRootElementProvider$General\n  com.sun.jersey.core.impl.provider.entity.XMLListElementProvider$General\n  com.sun.jersey.core.impl.provider.entity.XMLRootObjectProvider$General\n  com.sun.jersey.core.impl.provider.entity.EntityHolderReader\n  com.sun.jersey.json.impl.provider.entity.JSONRootElementProvider$General\n  com.sun.jersey.json.impl.provider.entity.JSONListElementProvider$General\n  com.sun.jersey.json.impl.provider.entity.JacksonProviderProxy\napplication/octet-stream ->\n  com.sun.jersey.core.impl.provider.entity.ByteArrayProvider\n  com.sun.jersey.core.impl.provider.entity.FileProvider\n  com.sun.jersey.core.impl.provider.entity.InputStreamProvider\n  com.sun.jersey.core.impl.provider.entity.DataSourceProvider\n  com.sun.jersey.core.impl.provider.entity.RenderedImageProvider\n"}
2025-11-09 00:49:33.056 | DEBUG    | src.core.clients.api_client:wrapper:32 - Response from /user/createWithList: 415 | {"code":415,"type":"unknown","message":"com.sun.jersey.api.MessageException: A message body reader for Java class java.util.List, and Java type java.util.List<io.swagger.sample.model.User>, and MIME media type application/octet-stream was not found.\nThe registered message body readers compatible with the MIME media type are:\n*/* ->\n  com.sun.jersey.core.impl.provider.entity.FormProvider\n  com.sun.jersey.core.impl.provider.entity.StringProvider\n  com.sun.jersey.core.impl.provider.entity.ByteArrayProvider\n  com.sun.jersey.core.impl.provider.entity.FileProvider\n  com.sun.jersey.core.impl.provider.entity.InputStreamProvider\n  com.sun.jersey.core.impl.provider.entity.DataSourceProvider\n  com.sun.jersey.core.impl.provider.entity.XMLJAXBElementProvider$General\n  com.sun.jersey.core.impl.provider.entity.ReaderProvider\n  com.sun.jersey.core.impl.provider.entity.DocumentProvider\n  com.sun.jersey.core.impl.provider.entity.SourceProvider$StreamSourceReader\n  com.sun.jersey.core.impl.provider.entity.SourceProvider$SAXSourceReader\n  com.sun.jersey.core.impl.provider.entity.SourceProvider$DOMSourceReader\n  com.sun.jersey.json.impl.provider.entity.JSONJAXBElementProvider$General\n  com.sun.jersey.json.impl.provider.entity.JSONArrayProvider$General\n  com.sun.jersey.json.impl.provider.entity.JSONObjectProvider$General\n  com.fasterxml.jackson.jaxrs.json.JacksonJsonProvider\n  com.sun.jersey.core.impl.provider.entity.XMLRootElementProvider$General\n  com.sun.jersey.core.impl.provider.entity.XMLListElementProvider$General\n  com.sun.jersey.core.impl.provider.entity.XMLRootObjectProvider$General\n  com.sun.jersey.core.impl.provider.entity.EntityHolderReader\n  com.sun.jersey.json.impl.provider.entity.JSONRootElementProvider$General\n  com.sun.jersey.json.impl.provider.entity.JSONListElementProvider$General\n  com.sun.jersey.json.impl.provider.entity.JacksonProviderProxy\napplication/octet-stream ->\n  com.sun.jersey.core.impl.provider.entity.ByteArrayProvider\n  com.sun.jersey.core.impl.provider.entity.FileProvider\n  com.sun.jersey.core.impl.provider.entity.InputStreamProvider\n  com.sun.jersey.core.impl.provider.entity.DataSourceProvider\n  com.sun.jersey.core.impl.provider.entity.RenderedImageProvider\n"}
2025-11-09 00:49:33.059 | DEBUG    | src.core.clients.api_client:wrapper:32 - Response from /user: 200 | {"code":200,"type":"unknown","message":"266"}
2025-11-09 00:49:33.060 | ERROR    | src.application.utils.api_assertions:assert_status_code:19 - Invalid response code: 415. Response body: {"code":415,"type":"unknown","message":"com.sun.jersey.api.MessageException: A message body reader for Java class java.util.List, and Java type java.util.List<io.swagger.sample.model.User>, and MIME media type application/octet-stream was not found.\nThe registered message body readers compatible with the MIME media type are:\n*/* ->\n  com.sun.jersey.core.impl.provider.entity.FormProvider\n  com.sun.jersey.core.impl.provider.entity.StringProvider\n  com.sun.jersey.core.impl.provider.entity.ByteArrayProvider\n  com.sun.jersey.core.impl.provider.entity.FileProvider\n  com.sun.jersey.core.impl.provider.entity.InputStreamProvider\n  com.sun.jersey.core.impl.provider.entity.DataSourceProvider\n  com.sun.jersey.core.impl.provider.entity.XMLJAXBElementProvider$General\n  com.sun.jersey.core.impl.provider.entity.ReaderProvider\n  com.sun.jersey.core.impl.provider.entity.DocumentProvider\n  com.sun.jersey.core.impl.provider.entity.SourceProvider$StreamSourceReader\n  com.sun.jersey.core.impl.provider.entity.SourceProvider$SAXSourceReader\n  com.sun.jersey.core.impl.provider.entity.SourceProvider$DOMSourceReader\n  com.sun.jersey.json.impl.provider.entity.JSONJAXBElementProvider$General\n  com.sun.jersey.json.impl.provider.entity.JSONArrayProvider$General\n  com.sun.jersey.json.impl.provider.entity.JSONObjectProvider$General\n  com.fasterxml.jackson.jaxrs.json.JacksonJsonProvider\n  com.sun.jersey.core.impl.provider.entity.XMLRootElementProvider$General\n  com.sun.jersey.core.impl.provider.entity.XMLListElementProvider$General\n  com.sun.jersey.core.impl.provider.entity.XMLRootObjectProvider$General\n  com.sun.jersey.core.impl.provider.entity.EntityHolderReader\n  com.sun.jersey.json.impl.provider.entity.JSONRootElementProvider$General\n  com.sun.jersey.json.impl.provider.entity.JSONListElementProvider$General\n  com.sun.jersey.json.impl.provider.entity.JacksonProviderProxy\napplication/octet-stream ->\n  com.sun.jersey.core.impl.provider.entity.ByteArrayProvider\n  com.sun.jersey.core.impl.provider.entity.FileProvider\n  com.sun.jersey.core.impl.provider.entity.InputStreamProvider\n  com.sun.jersey.core.impl.provider.entity.DataSourceProvider\n  com.sun.jersey.core.impl.provider.entity.RenderedImageProvider\n"}
2025-11-09 00:49:33.063 | DEBUG    | src.application.utils.api_assertions:assert_status_code:17 - Valid response for https://petstore.swagger.io/v2/user: {"code":200,"type":"unknown","message":"266"}
2025-11-09 00:49:33.065 | DEBUG    | src.application.utils.api_assertions:validate_response_model:38 - Valid response model for https://petstore.swagger.io/v2/user: {"code":200,"type":"unknown","message":"266"}
2025-11-09 00:49:33.065 | DEBUG    | src.core.clients.api_client:wrapper:29 - Request PATH: /user/joshua18. Body None. Header: None Params: None
2025-11-09 00:49:33.071 | DEBUG    | src.core.clients.api_client:wrapper:32 - Response from /store/order/1: 404 | {"code":1,"type":"error","message":"Order not found"}
2025-11-09 00:49:33.074 | ERROR    | src.application.utils.api_assertions:assert_status_code:19 - Invalid response code: 404. Response body: {"code":1,"type":"error","message":"Order not found"}
2025-11-09 00:49:33.328 | DEBUG    | src.core.clients.api_client:wrapper:32 - Response from /user/joshua18: 404 | 
2025-11-09 00:49:33.332 | ERROR    | src.application.utils.api_assertions:assert_status_code:19 - Invalid response code: 404. Response body: 
2025-11-09 00:49:37.784 | DEBUG    | src.core.clients.api_client:wrapper:29 - Request PATH: /user/createWithList. Body [{'id': 339642, 'username': 'trandavid', 'firstname': 'Thomas', 'lastname': 'Moore', 'email': 'chansen@example.org', 'password': 'kg2YslYT+z', 'phone': '828.615.3728', 'user_status': 2}, {'id': 72, 'username': 'bperry', 'firstname': 'Sabrina', 'lastname': 'Gomez', 'email': 'lisaibarra@example.com', 'password': '+Vlv6A2pkE', 'phone': '503-756-7677x616', 'user_status': 4}]. Header: None Params: None
2025-11-09 00:49:38.080 | DEBUG    | src.core.clients.api_client:wrapper:29 - Request PATH: /user/createWithList. Body [{'id': 2658, 'username': 'tammysherman', 'firstname': 'Gail', 'lastname': 'Herrera', 'email': 'sean06@example.com', 'password': 'HjU6cTeI&7', 'phone': '823-441-6547x23994', 'user_status': 3}]. Header: None Params: None
2025-11-09 00:49:38.088 | DEBUG    | src.core.clients.api_client:wrapper:29 - Request PATH: /store/order/1. Body None. Header: None Params: None
2025-11-09 00:49:38.353 | DEBUG    | src.core.clients.api_client:wrapper:29 - Request PATH: /user. Body {'id': 19732639, 'username': 'icook', 'firstname': 'Jorge', 'lastname': 'Ashley', 'email': 'smithcarla@example.org', 'password': 'U8yN7+Vpb#', 'phone': '355.840.7338x79667', 'user_status': 2}. Header: None Params: None
2025-11-09 00:49:38.841 | DEBUG    | src.core.clients.api_client:wrapper:32 - Response from /user/createWithList: 415 | {"code":415,"type":"unknown","message":"com.sun.jersey.api.MessageException: A message body reader for Java class java.util.List, and Java type java.util.List<io.swagger.sample.model.User>, and MIME media type application/octet-stream was not found.\nThe registered message body readers compatible with the MIME media type are:\n*/* ->\n  com.sun.jersey.core.impl.provider.entity.FormProvider\n  com.sun.jersey.core.impl.provider.entity.StringProvider\n  com.sun.jersey.core.impl.provider.entity.ByteArrayProvider\n  com.sun.jersey.core.impl.provider.entity.FileProvider\n  com.sun.jersey.core.impl.provider.entity.InputStreamProvider\n  com.sun.jersey.core.impl.provider.entity.DataSourceProvider\n  com.sun.jersey.core.impl.provider.entity.XMLJAXBElementProvider$General\n  com.sun.jersey.core.impl.provider.entity.ReaderProvider\n  com.sun.jersey.core.impl.provider.entity.DocumentProvider\n  com.sun.jersey.core.impl.provider.entity.SourceProvider$StreamSourceReader\n  com.sun.jersey.core.impl.provider.entity.SourceProvider$SAXSourceReader\n  com.sun.jersey.core.impl.provider.entity.SourceProvider$DOMSourceReader\n  com.sun.jersey.json.impl.provider.entity.JSONJAXBElementProvider$General\n  com.sun.jersey.json.impl.provider.entity.JSONArrayProvider$General\n  com.sun.jersey.json.impl.provider.entity.JSONObjectProvider$General\n  com.fasterxml.jackson.jaxrs.json.JacksonJsonProvider\n  com.sun.jersey.core.impl.provider.entity.XMLRootElementProvider$General\n  com.sun.jersey.core.impl.provider.entity.XMLListElementProvider$General\n  com.sun.jersey.core.impl.provider.entity.XMLRootObjectProvider$General\n  com.sun.jersey.core.impl.provider.entity.EntityHolderReader\n  com.sun.jersey.json.impl.provider.entity.JSONRootElementProvider$General\n  com.sun.jersey.json.impl.provider.entity.JSONListElementProvider$General\n  com.sun.jersey.json.impl.provider.entity.JacksonProviderProxy\napplication/octet-stream ->\n  com.sun.jersey.core.impl.provider.entity.ByteArrayProvider\n  com.sun.jersey.core.impl.provider.entity.FileProvider\n  com.sun.jersey.core.impl.provider.entity.InputStreamProvider\n  com.sun.jersey.core.impl.provider.entity.DataSourceProvider\n  com.sun.jersey.core.impl.provider.entity.RenderedImageProvider\n"}
2025-11-09 00:49:38.845 | ERROR    | src.application.utils.api_assertions:assert_status_code:19 - Invalid response code: 415. Response body: {"code":415,"type":"unknown","message":"com.sun.jersey.api.MessageException: A message body reader for Java class java.util.List, and Java type java.util.List<io.swagger.sample.model.User>, and MIME media type application/octet-stream was not found.\nThe registered message body readers compatible with the MIME media type are:\n*/* ->\n  com.sun.jersey.core.impl.provider.entity.FormProvider\n  com.sun.jersey.core.impl.provider.entity.StringProvider\n  com.sun.jersey.core.impl.provider.entity.ByteArrayProvider\n  com.sun.jersey.core.impl.provider.entity.FileProvider\n  com.sun.jersey.core.impl.provider.entity.InputStreamProvider\n  com.sun.jersey.core.impl.provider.entity.DataSourceProvider\n  com.sun.jersey.core.impl.provider.entity.XMLJAXBElementProvider$General\n  com.sun.jersey.core.impl.provider.entity.ReaderProvider\n  com.sun.jersey.core.impl.provider.entity.DocumentProvider\n  com.sun.jersey.core.impl.provider.entity.SourceProvider$StreamSourceReader\n  com.sun.jersey.core.impl.provider.entity.SourceProvider$SAXSourceReader\n  com.sun.jersey.core.impl.provider.entity.SourceProvider$DOMSourceReader\n  com.sun.jersey.json.impl.provider.entity.JSONJAXBElementProvider$General\n  com.sun.jersey.json.impl.provider.entity.JSONArrayProvider$General\n  com.sun.jersey.json.impl.provider.entity.JSONObjectProvider$General\n  com.fasterxml.jackson.jaxrs.json.JacksonJsonProvider\n  com.sun.jersey.core.impl.provider.entity.XMLRootElementProvider$General\n  com.sun.jersey.core.impl.provider.entity.XMLListElementProvider$General\n  com.sun.jersey.core.impl.provider.entity.XMLRootObjectProvider$General\n  com.sun.jersey.core.impl.provider.entity.EntityHolderReader\n  com.sun.jersey.json.impl.provider.entity.JSONRootElementProvider$General\n  com.sun.jersey.json.impl.provider.entity.JSONListElementProvider$General\n  com.sun.jersey.json.impl.provider.entity.JacksonProviderProxy\napplication/octet-stream ->\n  com.sun.jersey.core.impl.provider.entity.ByteArrayProvider\n  com.sun.jersey.core.impl.provider.entity.FileProvider\n  com.sun.jersey.core.impl.provider.entity.InputStreamProvider\n  com.sun.jersey.core.impl.provider.entity.DataSourceProvider\n  com.sun.jersey.core.impl.provider.entity.RenderedImageProvider\n"}
2025-11-09 00:49:39.143 | DEBUG    | src.core.clients.api_client:wrapper:32 - Response from /user/createWithList: 415 | {"code":415,"type":"unknown","message":"com.sun.jersey.api.MessageException: A message body reader for Java class java.util.List, and Java type java.util.List<io.swagger.sample.model.User>, and MIME media type application/octet-stream was not found.\nThe registered message body readers compatible with the MIME media type are:\n*/* ->\n  com.sun.jersey.core.impl.provider.entity.FormProvider\n  com.sun.jersey.core.impl.provider.entity.StringProvider\n  com.sun.jersey.core.impl.provider.entity.ByteArrayProvider\n  com.sun.jersey.core.impl.provider.entity.FileProvider\n  com.sun.jersey.core.impl.provider.entity.InputStreamProvider\n  com.sun.jersey.core.impl.provider.entity.DataSourceProvider\n  com.sun.jersey.core.impl.provider.entity.XMLJAXBElementProvider$General\n  com.sun.jersey.core.impl.provider.entity.ReaderProvider\n  com.sun.jersey.core.impl.provider.entity.DocumentProvider\n  com.sun.jersey.core.impl.provider.entity.SourceProvider$StreamSourceReader\n  com.sun.jersey.core.impl.provider.entity.SourceProvider$SAXSourceReader\n  com.sun.jersey.core.impl.provider.entity.SourceProvider$DOMSourceReader\n  com.sun.jersey.json.impl.provider.entity.JSONJAXBElementProvider$General\n  com.sun.jersey.json.impl.provider.entity.JSONArrayProvider$General\n  com.sun.jersey.json.impl.provider.entity.JSONObjectProvider$General\n  com.fasterxml.jackson.jaxrs.json.JacksonJsonProvider\n  com.sun.jersey.core.impl.provider.entity.XMLRootElementProvider$General\n  com.sun.jersey.core.impl.provider.entity.XMLListElementProvider$General\n  com.sun.jersey.core.impl.provider.entity.XMLRootObjectProvider$General\n  com.sun.jersey.core.impl.provider.entity.EntityHolderReader\n  com.sun.jersey.json.impl.provider.entity.JSONRootElementProvider$General\n  com.sun.jersey.json.impl.provider.entity.JSONListElementProvider$General\n  com.sun.jersey.json.impl.provider.entity.JacksonProviderProxy\napplication/octet-stream ->\n  com.sun.jersey.core.impl.provider.entity.ByteArrayProvider\n  com.sun.jersey.core.impl.provider.entity.FileProvider\n  com.sun.jersey.core.impl.provider.entity.InputStreamProvider\n  com.sun.jersey.core.impl.provider.entity.DataSourceProvider\n  com.sun.jersey.core.impl.provider.entity.RenderedImageProvider\n"}
2025-11-09 00:49:39.147 | ERROR    | src.application.utils.api_assertions:assert_status_code:19 - Invalid response code: 415. Response body: {"code":415,"type":"unknown","message":"com.sun.jersey.api.MessageException: A message body reader for Java class java.util.List, and Java type java.util.List<io.swagger.sample.model.User>, and MIME media type application/octet-stream was not found.\nThe registered message body readers compatible with the MIME media type are:\n*/* ->\n  com.sun.jersey.core.impl.provider.entity.FormProvider\n  com.sun.jersey.core.impl.provider.entity.StringProvider\n  com.sun.jersey.core.impl.provider.entity.ByteArrayProvider\n  com.sun.jersey.core.impl.provider.entity.FileProvider\n  com.sun.jersey.core.impl.provider.entity.InputStreamProvider\n  com.sun.jersey.core.impl.provider.entity.DataSourceProvider\n  com.sun.jersey.core.impl.provider.entity.XMLJAXBElementProvider$General\n  com.sun.jersey.core.impl.provider.entity.ReaderProvider\n  com.sun.jersey.core.impl.provider.entity.DocumentProvider\n  com.sun.jersey.core.impl.provider.entity.SourceProvider$StreamSourceReader\n  com.sun.jersey.core.impl.provider.entity.SourceProvider$SAXSourceReader\n  com.sun.jersey.core.impl.provider.entity.SourceProvider$DOMSourceReader\n  com.sun.jersey.json.impl.provider.entity.JSONJAXBElementProvider$General\n  com.sun.jersey.json.impl.provider.entity.JSONArrayProvider$General\n  com.sun.jersey.json.impl.provider.entity.JSONObjectProvider$General\n  com.fasterxml.jackson.jaxrs.json.JacksonJsonProvider\n  com.sun.jersey.core.impl.provider.entity.XMLRootElementProvider$General\n  com.sun.jersey.core.impl.provider.entity.XMLListElementProvider$General\n  com.sun.jersey.core.impl.provider.entity.XMLRootObjectProvider$General\n  com.sun.jersey.core.impl.provider.entity.EntityHolderReader\n  com.sun.jersey.json.impl.provider.entity.JSONRootElementProvider$General\n  com.sun.jersey.json.impl.provider.entity.JSONListElementProvider$General\n  com.sun.jersey.json.impl.provider.entity.JacksonProviderProxy\napplication/octet-stream ->\n  com.sun.jersey.core.impl.provider.entity.ByteArrayProvider\n  com.sun.jersey.core.impl.provider.entity.FileProvider\n  com.sun.jersey.core.impl.provider.entity.InputStreamProvider\n  com.sun.jersey.core.impl.provider.entity.DataSourceProvider\n  com.sun.jersey.core.impl.provider.entity.RenderedImageProvider\n"}
2025-11-09 00:49:39.164 | DEBUG    | src.core.clients.api_client:wrapper:32 - Response from /store/order/1: 404 | {"code":1,"type":"error","message":"Order not found"}
2025-11-09 00:49:39.168 | ERROR    | src.application.utils.api_assertions:assert_status_code:19 - Invalid response code: 404. Response body: {"code":1,"type":"error","message":"Order not found"}
2025-11-09 00:49:39.397 | DEBUG    | src.core.clients.api_client:wrapper:32 - Response from /user: 200 | {"code":200,"type":"unknown","message":"19732639"}
2025-11-09 00:49:39.400 | DEBUG    | src.application.utils.api_assertions:assert_status_code:17 - Valid response for https://petstore.swagger.io/v2/user: {"code":200,"type":"unknown","message":"19732639"}
2025-11-09 00:49:39.404 | DEBUG    | src.application.utils.api_assertions:validate_response_model:38 - Valid response model for https://petstore.swagger.io/v2/user: {"code":200,"type":"unknown","message":"19732639"}
2025-11-09 00:49:39.404 | DEBUG    | src.core.clients.api_client:wrapper:29 - Request PATH: /user/icook. Body None. Header: None Params: None
2025-11-09 00:49:39.667 | DEBUG    | src.core.clients.api_client:wrapper:32 - Response from /user/icook: 404 | 
2025-11-09 00:49:39.669 | ERROR    | src.application.utils.api_assertions:assert_status_code:19 - Invalid response code: 404. Response body: 
2025-11-09 00:49:43.865 | DEBUG    | src.core.clients.api_client:wrapper:29 - Request PATH: /user/createWithList. Body [{'id': 6916, 'username': 'rachel86', 'firstname': 'Jennifer', 'lastname': 'Torres', 'email': 'steven60@example.org', 'password': 'Pg8EnKUv!5', 'phone': '399-366-5472x41719', 'user_status': 5}, {'id': 436, 'username': 'josephkim', 'firstname': 'Valerie', 'lastname': 'Johnson', 'email': 'brittany52@example.com', 'password': '&67NqFLHSg', 'phone': '001-276-809-3475', 'user_status': 2}]. Header: None Params: None
2025-11-09 00:49:44.165 | DEBUG    | src.core.clients.api_client:wrapper:29 - Request PATH: /user/createWithList. Body [{'id': 6745352, 'username': 'michaelreed', 'firstname': 'Jenny', 'lastname': 'Mccall', 'email': 'harrisjoseph@example.org', 'password': 'O%J8WPejS4', 'phone': '001-506-973-4647x23181', 'user_status': 1}]. Header: None Params: None
2025-11-09 00:49:44.182 | DEBUG    | src.core.clients.api_client:wrapper:29 - Request PATH: /store/order/1. Body None. Header: None Params: None
2025-11-09 00:49:44.688 | DEBUG    | src.core.clients.api_client:wrapper:29 - Request PATH: /user. Body {'id': 73400, 'username': 'tfreeman', 'firstname': 'Angela', 'lastname': 'Williamson', 'email': 'hliu@example.net', 'password': 'ggG1_PjB+i', 'phone': '001-563-987-0344x84860', 'user_status': 1}. Header: None Params: None
2025-11-09 00:49:44.917 | DEBUG    | src.core.clients.api_client:wrapper:32 - Response from /user/createWithList: 415 | {"code":415,"type":"unknown","message":"com.sun.jersey.api.MessageException: A message body reader for Java class java.util.List, and Java type java.util.List<io.swagger.sample.model.User>, and MIME media type application/octet-stream was not found.\nThe registered message body readers compatible with the MIME media type are:\n*/* ->\n  com.sun.jersey.core.impl.provider.entity.FormProvider\n  com.sun.jersey.core.impl.provider.entity.StringProvider\n  com.sun.jersey.core.impl.provider.entity.ByteArrayProvider\n  com.sun.jersey.core.impl.provider.entity.FileProvider\n  com.sun.jersey.core.impl.provider.entity.InputStreamProvider\n  com.sun.jersey.core.impl.provider.entity.DataSourceProvider\n  com.sun.jersey.core.impl.provider.entity.XMLJAXBElementProvider$General\n  com.sun.jersey.core.impl.provider.entity.ReaderProvider\n  com.sun.jersey.core.impl.provider.entity.DocumentProvider\n  com.sun.jersey.core.impl.provider.entity.SourceProvider$StreamSourceReader\n  com.sun.jersey.core.impl.provider.entity.SourceProvider$SAXSourceReader\n  com.sun.jersey.core.impl.provider.entity.SourceProvider$DOMSourceReader\n  com.sun.jersey.json.impl.provider.entity.JSONJAXBElementProvider$General\n  com.sun.jersey.json.impl.provider.entity.JSONArrayProvider$General\n  com.sun.jersey.json.impl.provider.entity.JSONObjectProvider$General\n  com.fasterxml.jackson.jaxrs.json.JacksonJsonProvider\n  com.sun.jersey.core.impl.provider.entity.XMLRootElementProvider$General\n  com.sun.jersey.core.impl.provider.entity.XMLListElementProvider$General\n  com.sun.jersey.core.impl.provider.entity.XMLRootObjectProvider$General\n  com.sun.jersey.core.impl.provider.entity.EntityHolderReader\n  com.sun.jersey.json.impl.provider.entity.JSONRootElementProvider$General\n  com.sun.jersey.json.impl.provider.entity.JSONListElementProvider$General\n  com.sun.jersey.json.impl.provider.entity.JacksonProviderProxy\napplication/octet-stream ->\n  com.sun.jersey.core.impl.provider.entity.ByteArrayProvider\n  com.sun.jersey.core.impl.provider.entity.FileProvider\n  com.sun.jersey.core.impl.provider.entity.InputStreamProvider\n  com.sun.jersey.core.impl.provider.entity.DataSourceProvider\n  com.sun.jersey.core.impl.provider.entity.RenderedImageProvider\n"}
2025-11-09 00:49:44.921 | ERROR    | src.application.utils.api_assertions:assert_status_code:19 - Invalid response code: 415. Response body: {"code":415,"type":"unknown","message":"com.sun.jersey.api.MessageException: A message body reader for Java class java.util.List, and Java type java.util.List<io.swagger.sample.model.User>, and MIME media type application/octet-stream was not found.\nThe registered message body readers compatible with the MIME media type are:\n*/* ->\n  com.sun.jersey.core.impl.provider.entity.FormProvider\n  com.sun.jersey.core.impl.provider.entity.StringProvider\n  com.sun.jersey.core.impl.provider.entity.ByteArrayProvider\n  com.sun.jersey.core.impl.provider.entity.FileProvider\n  com.sun.jersey.core.impl.provider.entity.InputStreamProvider\n  com.sun.jersey.core.impl.provider.entity.DataSourceProvider\n  com.sun.jersey.core.impl.provider.entity.XMLJAXBElementProvider$General\n  com.sun.jersey.core.impl.provider.entity.ReaderProvider\n  com.sun.jersey.core.impl.provider.entity.DocumentProvider\n  com.sun.jersey.core.impl.provider.entity.SourceProvider$StreamSourceReader\n  com.sun.jersey.core.impl.provider.entity.SourceProvider$SAXSourceReader\n  com.sun.jersey.core.impl.provider.entity.SourceProvider$DOMSourceReader\n  com.sun.jersey.json.impl.provider.entity.JSONJAXBElementProvider$General\n  com.sun.jersey.json.impl.provider.entity.JSONArrayProvider$General\n  com.sun.jersey.json.impl.provider.entity.JSONObjectProvider$General\n  com.fasterxml.jackson.jaxrs.json.JacksonJsonProvider\n  com.sun.jersey.core.impl.provider.entity.XMLRootElementProvider$General\n  com.sun.jersey.core.impl.provider.entity.XMLListElementProvider$General\n  com.sun.jersey.core.impl.provider.entity.XMLRootObjectProvider$General\n  com.sun.jersey.core.impl.provider.entity.EntityHolderReader\n  com.sun.jersey.json.impl.provider.entity.JSONRootElementProvider$General\n  com.sun.jersey.json.impl.provider.entity.JSONListElementProvider$General\n  com.sun.jersey.json.impl.provider.entity.JacksonProviderProxy\napplication/octet-stream ->\n  com.sun.jersey.core.impl.provider.entity.ByteArrayProvider\n  com.sun.jersey.core.impl.provider.entity.FileProvider\n  com.sun.jersey.core.impl.provider.entity.InputStreamProvider\n  com.sun.jersey.core.impl.provider.entity.DataSourceProvider\n  com.sun.jersey.core.impl.provider.entity.RenderedImageProvider\n"}
2025-11-09 00:49:44.938 | DEBUG    | src.core.clients.api_client:wrapper:29 - Request PATH: /user/createWithList. Body [{'id': 1101958, 'username': 'vgriffin', 'firstname': 'Steven', 'lastname': 'White', 'email': 'guerrakevin@example.org', 'password': 'Mb6Cvqu+Y+', 'phone': '289.405.0835x841', 'user_status': 2}, {'id': 4599, 'username': 'nicole59', 'firstname': 'Timothy', 'lastname': 'Garza', 'email': 'davistracy@example.org', 'password': '@54&DKoMjk', 'phone': '001-328-770-1490', 'user_status': 5}, {'id': 8, 'username': 'bullockvincent', 'firstname': 'Laura', 'lastname': 'Day', 'email': 'stephenholt@example.com', 'password': 'ML04!bDl^K', 'phone': '751.962.5552', 'user_status': 4}, {'id': 2877, 'username': 'butlermichael', 'firstname': 'Mark', 'lastname': 'Mullen', 'email': 'henryrobert@example.com', 'password': 'Gi3+VUqq^G', 'phone': '+1-718-735-1385x6995', 'user_status': 1}, {'id': 194762432, 'username': 'smithcynthia', 'firstname': 'Sherry', 'lastname': 'Guzman', 'email': 'dmurphy@example.com', 'password': 'fz1*XUFx^g', 'phone': '(823)348-5466', 'user_status': 4}, {'id': 801, 'username': 'maria06', 'firstname': 'Timothy', 'lastname': 'Nixon', 'email': 'jennifer50@example.net', 'password': '_88LdM)RnS', 'phone': '592.444.9791x752', 'user_status': 5}, {'id': 7634, 'username': 'gclark', 'firstname': 'Tami', 'lastname': 'Davies', 'email': 'hernandezjessica@example.net', 'password': '*Fnp7ApgX5', 'phone': '(419)755-4509x8015', 'user_status': 1}, {'id': 223, 'username': 'jill82', 'firstname': 'Kimberly', 'lastname': 'Murray', 'email': 'chelsea54@example.org', 'password': '&3oQyNlz1s', 'phone': '499.450.7158x3209', 'user_status': 2}, {'id': 111947089, 'username': 'juarezgregory', 'firstname': 'Sarah', 'lastname': 'Taylor', 'email': 'kyle07@example.org', 'password': 'm+#_4Z^n+@', 'phone': '881-434-8777', 'user_status': 3}, {'id': 9, 'username': 'scott71', 'firstname': 'Karen', 'lastname': 'Valentine', 'email': 'ronaldpatel@example.net', 'password': 'K5(Z7C9o@y', 'phone': '001-327-370-5316', 'user_status': 3}]. Header: None Params: None
2025-11-09 00:49:45.196 | DEBUG    | src.core.clients.api_client:wrapper:32 - Response from /user/createWithList: 415 | {"code":415,"type":"unknown","message":"com.sun.jersey.api.MessageException: A message body reader for Java class java.util.List, and Java type java.util.List<io.swagger.sample.model.User>, and MIME media type application/octet-stream was not found.\nThe registered message body readers compatible with the MIME media type are:\n*/* ->\n  com.sun.jersey.core.impl.provider.entity.FormProvider\n  com.sun.jersey.core.impl.provider.entity.StringProvider\n  com.sun.jersey.core.impl.provider.entity.ByteArrayProvider\n  com.sun.jersey.core.impl.provider.entity.FileProvider\n  com.sun.jersey.core.impl.provider.entity.InputStreamProvider\n  com.sun.jersey.core.impl.provider.entity.DataSourceProvider\n  com.sun.jersey.core.impl.provider.entity.XMLJAXBElementProvider$General\n  com.sun.jersey.core.impl.provider.entity.ReaderProvider\n  com.sun.jersey.core.impl.provider.entity.DocumentProvider\n  com.sun.jersey.core.impl.provider.entity.SourceProvider$StreamSourceReader\n  com.sun.jersey.core.impl.provider.entity.SourceProvider$SAXSourceReader\n  com.sun.jersey.core.impl.provider.entity.SourceProvider$DOMSourceReader\n  com.sun.jersey.json.impl.provider.entity.JSONJAXBElementProvider$General\n  com.sun.jersey.json.impl.provider.entity.JSONArrayProvider$General\n  com.sun.jersey.json.impl.provider.entity.JSONObjectProvider$General\n  com.fasterxml.jackson.jaxrs.json.JacksonJsonProvider\n  com.sun.jersey.core.impl.provider.entity.XMLRootElementProvider$General\n  com.sun.jersey.core.impl.provider.entity.XMLListElementProvider$General\n  com.sun.jersey.core.impl.provider.entity.XMLRootObjectProvider$General\n  com.sun.jersey.core.impl.provider.entity.EntityHolderReader\n  com.sun.jersey.json.impl.provider.entity.JSONRootElementProvider$General\n  com.sun.jersey.json.impl.provider.entity.JSONListElementProvider$General\n  com.sun.jersey.json.impl.provider.entity.JacksonProviderProxy\napplication/octet-stream ->\n  com.sun.jersey.core.impl.provider.entity.ByteArrayProvider\n  com.sun.jersey.core.impl.provider.entity.FileProvider\n  com.sun.jersey.core.impl.provider.entity.InputStreamProvider\n  com.sun.jersey.core.impl.provider.entity.DataSourceProvider\n  com.sun.jersey.core.impl.provider.entity.RenderedImageProvider\n"}
2025-11-09 00:49:45.199 | ERROR    | src.application.utils.api_assertions:assert_status_code:19 - Invalid response code: 415. Response body: {"code":415,"type":"unknown","message":"com.sun.jersey.api.MessageException: A message body reader for Java class java.util.List, and Java type java.util.List<io.swagger.sample.model.User>, and MIME media type application/octet-stream was not found.\nThe registered message body readers compatible with the MIME media type are:\n*/* ->\n  com.sun.jersey.core.impl.provider.entity.FormProvider\n  com.sun.jersey.core.impl.provider.entity.StringProvider\n  com.sun.jersey.core.impl.provider.entity.ByteArrayProvider\n  com.sun.jersey.core.impl.provider.entity.FileProvider\n  com.sun.jersey.core.impl.provider.entity.InputStreamProvider\n  com.sun.jersey.core.impl.provider.entity.DataSourceProvider\n  com.sun.jersey.core.impl.provider.entity.XMLJAXBElementProvider$General\n  com.sun.jersey.core.impl.provider.entity.ReaderProvider\n  com.sun.jersey.core.impl.provider.entity.DocumentProvider\n  com.sun.jersey.core.impl.provider.entity.SourceProvider$StreamSourceReader\n  com.sun.jersey.core.impl.provider.entity.SourceProvider$SAXSourceReader\n  com.sun.jersey.core.impl.provider.entity.SourceProvider$DOMSourceReader\n  com.sun.jersey.json.impl.provider.entity.JSONJAXBElementProvider$General\n  com.sun.jersey.json.impl.provider.entity.JSONArrayProvider$General\n  com.sun.jersey.json.impl.provider.entity.JSONObjectProvider$General\n  com.fasterxml.jackson.jaxrs.json.JacksonJsonProvider\n  com.sun.jersey.core.impl.provider.entity.XMLRootElementProvider$General\n  com.sun.jersey.core.impl.provider.entity.XMLListElementProvider$General\n  com.sun.jersey.core.impl.provider.entity.XMLRootObjectProvider$General\n  com.sun.jersey.core.impl.provider.entity.EntityHolderReader\n  com.sun.jersey.json.impl.provider.entity.JSONRootElementProvider$General\n  com.sun.jersey.json.impl.provider.entity.JSONListElementProvider$General\n  com.sun.jersey.json.impl.provider.entity.JacksonProviderProxy\napplication/octet-stream ->\n  com.sun.jersey.core.impl.provider.entity.ByteArrayProvider\n  com.sun.jersey.core.impl.provider.entity.FileProvider\n  com.sun.jersey.core.impl.provider.entity.InputStreamProvider\n  com.sun.jersey.core.impl.provider.entity.DataSourceProvider\n  com.sun.jersey.core.impl.provider.entity.RenderedImageProvider\n"}
2025-11-09 00:49:45.218 | DEBUG    | src.core.clients.api_client:wrapper:32 - Response from /user/createWithList: 415 | {"code":415,"type":"unknown","message":"com.sun.jersey.api.MessageException: A message body reader for Java class java.util.List, and Java type java.util.List<io.swagger.sample.model.User>, and MIME media type application/octet-stream was not found.\nThe registered message body readers compatible with the MIME media type are:\n*/* ->\n  com.sun.jersey.core.impl.provider.entity.FormProvider\n  com.sun.jersey.core.impl.provider.entity.StringProvider\n  com.sun.jersey.core.impl.provider.entity.ByteArrayProvider\n  com.sun.jersey.core.impl.provider.entity.FileProvider\n  com.sun.jersey.core.impl.provider.entity.InputStreamProvider\n  com.sun.jersey.core.impl.provider.entity.DataSourceProvider\n  com.sun.jersey.core.impl.provider.entity.XMLJAXBElementProvider$General\n  com.sun.jersey.core.impl.provider.entity.ReaderProvider\n  com.sun.jersey.core.impl.provider.entity.DocumentProvider\n  com.sun.jersey.core.impl.provider.entity.SourceProvider$StreamSourceReader\n  com.sun.jersey.core.impl.provider.entity.SourceProvider$SAXSourceReader\n  com.sun.jersey.core.impl.provider.entity.SourceProvider$DOMSourceReader\n  com.sun.jersey.json.impl.provider.entity.JSONJAXBElementProvider$General\n  com.sun.jersey.json.impl.provider.entity.JSONArrayProvider$General\n  com.sun.jersey.json.impl.provider.entity.JSONObjectProvider$General\n  com.fasterxml.jackson.jaxrs.json.JacksonJsonProvider\n  com.sun.jersey.core.impl.provider.entity.XMLRootElementProvider$General\n  com.sun.jersey.core.impl.provider.entity.XMLListElementProvider$General\n  com.sun.jersey.core.impl.provider.entity.XMLRootObjectProvider$General\n  com.sun.jersey.core.impl.provider.entity.EntityHolderReader\n  com.sun.jersey.json.impl.provider.entity.JSONRootElementProvider$General\n  com.sun.jersey.json.impl.provider.entity.JSONListElementProvider$General\n  com.sun.jersey.json.impl.provider.entity.JacksonProviderProxy\napplication/octet-stream ->\n  com.sun.jersey.core.impl.provider.entity.ByteArrayProvider\n  com.sun.jersey.core.impl.provider.entity.FileProvider\n  com.sun.jersey.core.impl.provider.entity.InputStreamProvider\n  com.sun.jersey.core.impl.provider.entity.DataSourceProvider\n  com.sun.jersey.core.impl.provider.entity.RenderedImageProvider\n"}
2025-11-09 00:49:45.220 | ERROR    | src.application.utils.api_assertions:assert_status_code:19 - Invalid response code: 415. Response body: {"code":415,"type":"unknown","message":"com.sun.jersey.api.MessageException: A message body reader for Java class java.util.List, and Java type java.util.List<io.swagger.sample.model.User>, and MIME media type application/octet-stream was not found.\nThe registered message body readers compatible with the MIME media type are:\n*/* ->\n  com.sun.jersey.core.impl.provider.entity.FormProvider\n  com.sun.jersey.core.impl.provider.entity.StringProvider\n  com.sun.jersey.core.impl.provider.entity.ByteArrayProvider\n  com.sun.jersey.core.impl.provider.entity.FileProvider\n  com.sun.jersey.core.impl.provider.entity.InputStreamProvider\n  com.sun.jersey.core.impl.provider.entity.DataSourceProvider\n  com.sun.jersey.core.impl.provider.entity.XMLJAXBElementProvider$General\n  com.sun.jersey.core.impl.provider.entity.ReaderProvider\n  com.sun.jersey.core.impl.provider.entity.DocumentProvider\n  com.sun.jersey.core.impl.provider.entity.SourceProvider$StreamSourceReader\n  com.sun.jersey.core.impl.provider.entity.SourceProvider$SAXSourceReader\n  com.sun.jersey.core.impl.provider.entity.SourceProvider$DOMSourceReader\n  com.sun.jersey.json.impl.provider.entity.JSONJAXBElementProvider$General\n  com.sun.jersey.json.impl.provider.entity.JSONArrayProvider$General\n  com.sun.jersey.json.impl.provider.entity.JSONObjectProvider$General\n  com.fasterxml.jackson.jaxrs.json.JacksonJsonProvider\n  com.sun.jersey.core.impl.provider.entity.XMLRootElementProvider$General\n  com.sun.jersey.core.impl.provider.entity.XMLListElementProvider$General\n  com.sun.jersey.core.impl.provider.entity.XMLRootObjectProvider$General\n  com.sun.jersey.core.impl.provider.entity.EntityHolderReader\n  com.sun.jersey.json.impl.provider.entity.JSONRootElementProvider$General\n  com.sun.jersey.json.impl.provider.entity.JSONListElementProvider$General\n  com.sun.jersey.json.impl.provider.entity.JacksonProviderProxy\napplication/octet-stream ->\n  com.sun.jersey.core.impl.provider.entity.ByteArrayProvider\n  com.sun.jersey.core.impl.provider.entity.FileProvider\n  com.sun.jersey.core.impl.provider.entity.InputStreamProvider\n  com.sun.jersey.core.impl.provider.entity.DataSourceProvider\n  com.sun.jersey.core.impl.provider.entity.RenderedImageProvider\n"}
2025-11-09 00:49:45.765 | DEBUG    | src.core.clients.api_client:wrapper:32 - Response from /user: 200 | {"code":200,"type":"unknown","message":"73400"}
2025-11-09 00:49:45.767 | DEBUG    | src.application.utils.api_assertions:assert_status_code:17 - Valid response for https://petstore.swagger.io/v2/user: {"code":200,"type":"unknown","message":"73400"}
2025-11-09 00:49:45.769 | DEBUG    | src.application.utils.api_assertions:validate_response_model:38 - Valid response model for https://petstore.swagger.io/v2/user: {"code":200,"type":"unknown","message":"73400"}
2025-11-09 00:49:45.769 | DEBUG    | src.core.clients.api_client:wrapper:29 - Request PATH: /user/tfreeman. Body None. Header: None Params: None
2025-11-09 00:49:46.033 | DEBUG    | src.core.clients.api_client:wrapper:32 - Response from /user/tfreeman: 404 | 
2025-11-09 00:49:46.036 | ERROR    | src.application.utils.api_assertions:assert_status_code:19 - Invalid response code: 404. Response body: 
2025-11-09 00:49:46.051 | DEBUG    | src.core.clients.api_client:wrapper:29 - Request PATH: /user. Body {'id': 1602979, 'username': 'maria44', 'firstname': 'Tiffany', 'lastname': 'Owens', 'email': 'apage@example.net', 'password': '#4%vMPng1U', 'phone': '730.820.9665x256', 'user_status': 5}. Header: None Params: None
2025-11-09 00:49:46.257 | DEBUG    | src.core.clients.api_client:wrapper:32 - Response from /store/order/1: 404 | {"code":1,"type":"error","message":"Order not found"}
2025-11-09 00:49:46.260 | ERROR    | src.application.utils.api_assertions:assert_status_code:19 - Invalid response code: 404. Response body: {"code":1,"type":"error","message":"Order not found"}
2025-11-09 00:49:46.316 | DEBUG    | src.core.clients.api_client:wrapper:32 - Response from /user: 200 | {"code":200,"type":"unknown","message":"1602979"}
2025-11-09 00:49:46.318 | DEBUG    | src.application.utils.api_assertions:assert_status_code:17 - Valid response for https://petstore.swagger.io/v2/user: {"code":200,"type":"unknown","message":"1602979"}
2025-11-09 00:49:46.320 | DEBUG    | src.application.utils.api_assertions:validate_response_model:38 - Valid response model for https://petstore.swagger.io/v2/user: {"code":200,"type":"unknown","message":"1602979"}
2025-11-09 00:49:46.321 | DEBUG    | src.core.clients.api_client:wrapper:29 - Request PATH: /user/maria44. Body None. Header: None Params: None
2025-11-09 00:49:46.449 | DEBUG    | src.core.clients.api_client:wrapper:29 - Request PATH: /user. Body {'id': 478915, 'username': 'adamschristopher', 'firstname': 'Joshua', 'lastname': 'Davis', 'email': 'elee@example.net', 'password': '6v3DAlmCx*', 'phone': '(611)990-5208x2227', 'user_status': 3}. Header: None Params: None
2025-11-09 00:49:46.584 | DEBUG    | src.core.clients.api_client:wrapper:32 - Response from /user/maria44: 404 | {"code":1,"type":"error","message":"User not found"}
2025-11-09 00:49:46.587 | ERROR    | src.application.utils.api_assertions:assert_status_code:19 - Invalid response code: 404. Response body: {"code":1,"type":"error","message":"User not found"}
2025-11-09 00:49:47.484 | DEBUG    | src.core.clients.api_client:wrapper:32 - Response from /user: 200 | {"code":200,"type":"unknown","message":"478915"}
2025-11-09 00:49:47.488 | DEBUG    | src.application.utils.api_assertions:assert_status_code:17 - Valid response for https://petstore.swagger.io/v2/user: {"code":200,"type":"unknown","message":"478915"}
2025-11-09 00:49:47.490 | DEBUG    | src.application.utils.api_assertions:validate_response_model:38 - Valid response model for https://petstore.swagger.io/v2/user: {"code":200,"type":"unknown","message":"478915"}
2025-11-09 00:49:47.491 | DEBUG    | src.core.clients.api_client:wrapper:29 - Request PATH: /user/adamschristopher. Body {'id': 478915, 'username': 'adamschristopher', 'firstname': 'Joshua', 'lastname': 'Davis', 'email': 'elee@example.net', 'password': '6v3DAlmCx*', 'phone': '(611)990-5208x2227', 'user_status': 3}. Header: None Params: None
2025-11-09 00:49:47.749 | DEBUG    | src.core.clients.api_client:wrapper:32 - Response from /user/adamschristopher: 200 | {"code":200,"type":"unknown","message":"478915"}
2025-11-09 00:49:47.754 | DEBUG    | src.application.utils.api_assertions:assert_status_code:17 - Valid response for https://petstore.swagger.io/v2/user/adamschristopher: {"code":200,"type":"unknown","message":"478915"}
2025-11-09 00:49:50.220 | DEBUG    | src.core.clients.api_client:wrapper:29 - Request PATH: /user/createWithList. Body [{'id': 607863, 'username': 'gibsonstephen', 'firstname': 'Brandon', 'lastname': 'Luna', 'email': 'ashleymartinez@example.org', 'password': 'X%xb2MSy^A', 'phone': '842-871-3425x597', 'user_status': 3}, {'id': 944, 'username': 'hooperstephen', 'firstname': 'Adrian', 'lastname': 'Smith', 'email': 'staffordtaylor@example.org', 'password': 'u^^)1Vch&O', 'phone': '+1-398-506-2110x4411', 'user_status': 5}, {'id': 544444809, 'username': 'dannythomas', 'firstname': 'Jeremy', 'lastname': 'Miller', 'email': 'kristin90@example.net', 'password': '_rS4AATl$^', 'phone': '+1-676-200-9283', 'user_status': 4}, {'id': 264286, 'username': 'gharris', 'firstname': 'Joshua', 'lastname': 'Singh', 'email': 'taylorgarrett@example.com', 'password': 'E*V7VgMUAv', 'phone': '001-783-994-7056', 'user_status': 5}, {'id': 245, 'username': 'michelle14', 'firstname': 'Amber', 'lastname': 'Mcintosh', 'email': 'barbarasampson@example.org', 'password': 'hNQ7Zq$2#4', 'phone': '3867916587', 'user_status': 5}, {'id': 796, 'username': 'dawnlewis', 'firstname': 'Amy', 'lastname': 'Parker', 'email': 'rhonda81@example.org', 'password': 'LtX&9Fiv)7', 'phone': '419-688-6210x039', 'user_status': 4}, {'id': 805, 'username': 'ritterscott', 'firstname': 'Brittney', 'lastname': 'Jones', 'email': 'cassandra72@example.net', 'password': '+LxwW9Mc1U', 'phone': '6305200502', 'user_status': 5}, {'id': 87, 'username': 'rschmitt', 'firstname': 'Stephanie', 'lastname': 'Cox', 'email': 'fvargas@example.com', 'password': '7^7G96Bt1X', 'phone': '919-824-7929', 'user_status': 4}, {'id': 953, 'username': 'wjones', 'firstname': 'John', 'lastname': 'Foster', 'email': 'gwilliams@example.net', 'password': 'uZt77Cff!!', 'phone': '676-856-8512', 'user_status': 3}, {'id': 27248, 'username': 'tiffanyhatfield', 'firstname': 'Jessica', 'lastname': 'Jordan', 'email': 'jkelley@example.com', 'password': 'Uz_lq1XyBJ', 'phone': '3766871927', 'user_status': 3}]. Header: None Params: None
2025-11-09 00:49:51.277 | DEBUG    | src.core.clients.api_client:wrapper:32 - Response from /user/createWithList: 415 | {"code":415,"type":"unknown","message":"com.sun.jersey.api.MessageException: A message body reader for Java class java.util.List, and Java type java.util.List<io.swagger.sample.model.User>, and MIME media type application/octet-stream was not found.\nThe registered message body readers compatible with the MIME media type are:\n*/* ->\n  com.sun.jersey.core.impl.provider.entity.FormProvider\n  com.sun.jersey.core.impl.provider.entity.StringProvider\n  com.sun.jersey.core.impl.provider.entity.ByteArrayProvider\n  com.sun.jersey.core.impl.provider.entity.FileProvider\n  com.sun.jersey.core.impl.provider.entity.InputStreamProvider\n  com.sun.jersey.core.impl.provider.entity.DataSourceProvider\n  com.sun.jersey.core.impl.provider.entity.XMLJAXBElementProvider$General\n  com.sun.jersey.core.impl.provider.entity.ReaderProvider\n  com.sun.jersey.core.impl.provider.entity.DocumentProvider\n  com.sun.jersey.core.impl.provider.entity.SourceProvider$StreamSourceReader\n  com.sun.jersey.core.impl.provider.entity.SourceProvider$SAXSourceReader\n  com.sun.jersey.core.impl.provider.entity.SourceProvider$DOMSourceReader\n  com.sun.jersey.json.impl.provider.entity.JSONJAXBElementProvider$General\n  com.sun.jersey.json.impl.provider.entity.JSONArrayProvider$General\n  com.sun.jersey.json.impl.provider.entity.JSONObjectProvider$General\n  com.fasterxml.jackson.jaxrs.json.JacksonJsonProvider\n  com.sun.jersey.core.impl.provider.entity.XMLRootElementProvider$General\n  com.sun.jersey.core.impl.provider.entity.XMLListElementProvider$General\n  com.sun.jersey.core.impl.provider.entity.XMLRootObjectProvider$General\n  com.sun.jersey.core.impl.provider.entity.EntityHolderReader\n  com.sun.jersey.json.impl.provider.entity.JSONRootElementProvider$General\n  com.sun.jersey.json.impl.provider.entity.JSONListElementProvider$General\n  com.sun.jersey.json.impl.provider.entity.JacksonProviderProxy\napplication/octet-stream ->\n  com.sun.jersey.core.impl.provider.entity.ByteArrayProvider\n  com.sun.jersey.core.impl.provider.entity.FileProvider\n  com.sun.jersey.core.impl.provider.entity.InputStreamProvider\n  com.sun.jersey.core.impl.provider.entity.DataSourceProvider\n  com.sun.jersey.core.impl.provider.entity.RenderedImageProvider\n"}
2025-11-09 00:49:51.282 | ERROR    | src.application.utils.api_assertions:assert_status_code:19 - Invalid response code: 415. Response body: {"code":415,"type":"unknown","message":"com.sun.jersey.api.MessageException: A message body reader for Java class java.util.List, and Java type java.util.List<io.swagger.sample.model.User>, and MIME media type application/octet-stream was not found.\nThe registered message body readers compatible with the MIME media type are:\n*/* ->\n  com.sun.jersey.core.impl.provider.entity.FormProvider\n  com.sun.jersey.core.impl.provider.entity.StringProvider\n  com.sun.jersey.core.impl.provider.entity.ByteArrayProvider\n  com.sun.jersey.core.impl.provider.entity.FileProvider\n  com.sun.jersey.core.impl.provider.entity.InputStreamProvider\n  com.sun.jersey.core.impl.provider.entity.DataSourceProvider\n  com.sun.jersey.core.impl.provider.entity.XMLJAXBElementProvider$General\n  com.sun.jersey.core.impl.provider.entity.ReaderProvider\n  com.sun.jersey.core.impl.provider.entity.DocumentProvider\n  com.sun.jersey.core.impl.provider.entity.SourceProvider$StreamSourceReader\n  com.sun.jersey.core.impl.provider.entity.SourceProvider$SAXSourceReader\n  com.sun.jersey.core.impl.provider.entity.SourceProvider$DOMSourceReader\n  com.sun.jersey.json.impl.provider.entity.JSONJAXBElementProvider$General\n  com.sun.jersey.json.impl.provider.entity.JSONArrayProvider$General\n  com.sun.jersey.json.impl.provider.entity.JSONObjectProvider$General\n  com.fasterxml.jackson.jaxrs.json.JacksonJsonProvider\n  com.sun.jersey.core.impl.provider.entity.XMLRootElementProvider$General\n  com.sun.jersey.core.impl.provider.entity.XMLListElementProvider$General\n  com.sun.jersey.core.impl.provider.entity.XMLRootObjectProvider$General\n  com.sun.jersey.core.impl.provider.entity.EntityHolderReader\n  com.sun.jersey.json.impl.provider.entity.JSONRootElementProvider$General\n  com.sun.jersey.json.impl.provider.entity.JSONListElementProvider$General\n  com.sun.jersey.json.impl.provider.entity.JacksonProviderProxy\napplication/octet-stream ->\n  com.sun.jersey.core.impl.provider.entity.ByteArrayProvider\n  com.sun.jersey.core.impl.provider.entity.FileProvider\n  com.sun.jersey.core.impl.provider.entity.InputStreamProvider\n  com.sun.jersey.core.impl.provider.entity.DataSourceProvider\n  com.sun.jersey.core.impl.provider.entity.RenderedImageProvider\n"}
2025-11-09 00:49:51.607 | DEBUG    | src.core.clients.api_client:wrapper:29 - Request PATH: /user. Body {'id': 29335, 'username': 'jessicawest', 'firstname': 'Bethany', 'lastname': 'Young', 'email': 'gellis@example.com', 'password': 'V6@15TEpjJ', 'phone': '(562)650-1978x6468', 'user_status': 3}. Header: None Params: None
2025-11-09 00:49:52.674 | DEBUG    | src.core.clients.api_client:wrapper:32 - Response from /user: 200 | {"code":200,"type":"unknown","message":"29335"}
2025-11-09 00:49:52.678 | DEBUG    | src.application.utils.api_assertions:assert_status_code:17 - Valid response for https://petstore.swagger.io/v2/user: {"code":200,"type":"unknown","message":"29335"}
2025-11-09 00:49:52.679 | DEBUG    | src.application.utils.api_assertions:validate_response_model:38 - Valid response model for https://petstore.swagger.io/v2/user: {"code":200,"type":"unknown","message":"29335"}
2025-11-09 00:49:52.680 | DEBUG    | src.core.clients.api_client:wrapper:29 - Request PATH: /user/jessicawest. Body None. Header: None Params: None
2025-11-09 00:49:52.945 | DEBUG    | src.core.clients.api_client:wrapper:32 - Response from /user/jessicawest: 404 | {"code":1,"type":"error","message":"User not found"}
2025-11-09 00:49:52.948 | ERROR    | src.application.utils.api_assertions:assert_status_code:19 - Invalid response code: 404. Response body: {"code":1,"type":"error","message":"User not found"}
2025-11-09 00:49:56.304 | DEBUG    | src.core.clients.api_client:wrapper:29 - Request PATH: /user/createWithList. Body [{'id': 31362665, 'username': 'wking', 'firstname': 'Brandon', 'lastname': 'Flores', 'email': 'phill@example.net', 'password': '8s5VEUZl&@', 'phone': '5018065315', 'user_status': 4}, {'id': 0, 'username': 'riversjeremy', 'firstname': 'Nicole', 'lastname': 'Shepherd', 'email': 'osmith@example.com', 'password': '^Y#59QBi1%', 'phone': '656.381.2728x25684', 'user_status': 2}, {'id': 9, 'username': 'jennaclark', 'firstname': 'Noah', 'lastname': 'Young', 'email': 'hendersonalexander@example.net', 'password': 'o+8M8htu8v', 'phone': '512-865-3069x39416', 'user_status': 1}, {'id': 65, 'username': 'diana25', 'firstname': 'Lisa', 'lastname': 'Gonzalez', 'email': 'penaalexis@example.net', 'password': 'F^4*%0Dr&0', 'phone': '928.387.1365x40088', 'user_status': 5}, {'id': 1670963, 'username': 'guzmancaitlin', 'firstname': 'Maurice', 'lastname': 'Watson', 'email': 'justin59@example.org', 'password': 'K29XiMjY_P', 'phone': '+1-962-637-4147x27681', 'user_status': 1}, {'id': 14357254, 'username': 'oreed', 'firstname': 'Charles', 'lastname': 'Evans', 'email': 'richard83@example.net', 'password': '(mw26%Td)1', 'phone': '+1-278-257-2241x4849', 'user_status': 3}, {'id': 92929770, 'username': 'michele69', 'firstname': 'Michael', 'lastname': 'Rhodes', 'email': 'villanuevathomas@example.net', 'password': '(0nXL#hAy0', 'phone': '001-565-368-5019x5876', 'user_status': 3}, {'id': 2624806, 'username': 'zkerr', 'firstname': 'Renee', 'lastname': 'Richardson', 'email': 'awerner@example.com', 'password': '(iHmoeVm8_', 'phone': '309-356-3674x45964', 'user_status': 3}, {'id': 7, 'username': 'benjamin17', 'firstname': 'Amanda', 'lastname': 'Krause', 'email': 'haguilar@example.com', 'password': 'V%*y9EyVBA', 'phone': '+1-955-498-5701', 'user_status': 3}, {'id': 993, 'username': 'aprilhansen', 'firstname': 'Austin', 'lastname': 'Gutierrez', 'email': 'stevenanderson@example.com', 'password': 'RC@1LhfHL9', 'phone': '7104800834', 'user_status': 1}]. Header: None Params: None
2025-11-09 00:49:57.407 | DEBUG    | src.core.clients.api_client:wrapper:32 - Response from /user/createWithList: 415 | {"code":415,"type":"unknown","message":"com.sun.jersey.api.MessageException: A message body reader for Java class java.util.List, and Java type java.util.List<io.swagger.sample.model.User>, and MIME media type application/octet-stream was not found.\nThe registered message body readers compatible with the MIME media type are:\n*/* ->\n  com.sun.jersey.core.impl.provider.entity.FormProvider\n  com.sun.jersey.core.impl.provider.entity.StringProvider\n  com.sun.jersey.core.impl.provider.entity.ByteArrayProvider\n  com.sun.jersey.core.impl.provider.entity.FileProvider\n  com.sun.jersey.core.impl.provider.entity.InputStreamProvider\n  com.sun.jersey.core.impl.provider.entity.DataSourceProvider\n  com.sun.jersey.core.impl.provider.entity.XMLJAXBElementProvider$General\n  com.sun.jersey.core.impl.provider.entity.ReaderProvider\n  com.sun.jersey.core.impl.provider.entity.DocumentProvider\n  com.sun.jersey.core.impl.provider.entity.SourceProvider$StreamSourceReader\n  com.sun.jersey.core.impl.provider.entity.SourceProvider$SAXSourceReader\n  com.sun.jersey.core.impl.provider.entity.SourceProvider$DOMSourceReader\n  com.sun.jersey.json.impl.provider.entity.JSONJAXBElementProvider$General\n  com.sun.jersey.json.impl.provider.entity.JSONArrayProvider$General\n  com.sun.jersey.json.impl.provider.entity.JSONObjectProvider$General\n  com.fasterxml.jackson.jaxrs.json.JacksonJsonProvider\n  com.sun.jersey.core.impl.provider.entity.XMLRootElementProvider$General\n  com.sun.jersey.core.impl.provider.entity.XMLListElementProvider$General\n  com.sun.jersey.core.impl.provider.entity.XMLRootObjectProvider$General\n  com.sun.jersey.core.impl.provider.entity.EntityHolderReader\n  com.sun.jersey.json.impl.provider.entity.JSONRootElementProvider$General\n  com.sun.jersey.json.impl.provider.entity.JSONListElementProvider$General\n  com.sun.jersey.json.impl.provider.entity.JacksonProviderProxy\napplication/octet-stream ->\n  com.sun.jersey.core.impl.provider.entity.ByteArrayProvider\n  com.sun.jersey.core.impl.provider.entity.FileProvider\n  com.sun.jersey.core.impl.provider.entity.InputStreamProvider\n  com.sun.jersey.core.impl.provider.entity.DataSourceProvider\n  com.sun.jersey.core.impl.provider.entity.RenderedImageProvider\n"}
2025-11-09 00:49:57.411 | ERROR    | src.application.utils.api_assertions:assert_status_code:19 - Invalid response code: 415. Response body: {"code":415,"type":"unknown","message":"com.sun.jersey.api.MessageException: A message body reader for Java class java.util.List, and Java type java.util.List<io.swagger.sample.model.User>, and MIME media type application/octet-stream was not found.\nThe registered message body readers compatible with the MIME media type are:\n*/* ->\n  com.sun.jersey.core.impl.provider.entity.FormProvider\n  com.sun.jersey.core.impl.provider.entity.StringProvider\n  com.sun.jersey.core.impl.provider.entity.ByteArrayProvider\n  com.sun.jersey.core.impl.provider.entity.FileProvider\n  com.sun.jersey.core.impl.provider.entity.InputStreamProvider\n  com.sun.jersey.core.impl.provider.entity.DataSourceProvider\n  com.sun.jersey.core.impl.provider.entity.XMLJAXBElementProvider$General\n  com.sun.jersey.core.impl.provider.entity.ReaderProvider\n  com.sun.jersey.core.impl.provider.entity.DocumentProvider\n  com.sun.jersey.core.impl.provider.entity.SourceProvider$StreamSourceReader\n  com.sun.jersey.core.impl.provider.entity.SourceProvider$SAXSourceReader\n  com.sun.jersey.core.impl.provider.entity.SourceProvider$DOMSourceReader\n  com.sun.jersey.json.impl.provider.entity.JSONJAXBElementProvider$General\n  com.sun.jersey.json.impl.provider.entity.JSONArrayProvider$General\n  com.sun.jersey.json.impl.provider.entity.JSONObjectProvider$General\n  com.fasterxml.jackson.jaxrs.json.JacksonJsonProvider\n  com.sun.jersey.core.impl.provider.entity.XMLRootElementProvider$General\n  com.sun.jersey.core.impl.provider.entity.XMLListElementProvider$General\n  com.sun.jersey.core.impl.provider.entity.XMLRootObjectProvider$General\n  com.sun.jersey.core.impl.provider.entity.EntityHolderReader\n  com.sun.jersey.json.impl.provider.entity.JSONRootElementProvider$General\n  com.sun.jersey.json.impl.provider.entity.JSONListElementProvider$General\n  com.sun.jersey.json.impl.provider.entity.JacksonProviderProxy\napplication/octet-stream ->\n  com.sun.jersey.core.impl.provider.entity.ByteArrayProvider\n  com.sun.jersey.core.impl.provider.entity.FileProvider\n  com.sun.jersey.core.impl.provider.entity.InputStreamProvider\n  com.sun.jersey.core.impl.provider.entity.DataSourceProvider\n  com.sun.jersey.core.impl.provider.entity.RenderedImageProvider\n"}
2025-11-09 00:49:57.964 | DEBUG    | src.core.clients.api_client:wrapper:29 - Request PATH: /user. Body {'id': 0, 'username': 'rodneywilson', 'firstname': 'Christopher', 'lastname': 'Hart', 'email': 'heatherrodriguez@example.org', 'password': 'cjZ12vMu(7', 'phone': '(535)968-7022x53711', 'user_status': 3}. Header: None Params: None
2025-11-09 00:49:59.036 | DEBUG    | src.core.clients.api_client:wrapper:32 - Response from /user: 200 | {"code":200,"type":"unknown","message":"9223372036854769675"}
2025-11-09 00:49:59.040 | DEBUG    | src.application.utils.api_assertions:assert_status_code:17 - Valid response for https://petstore.swagger.io/v2/user: {"code":200,"type":"unknown","message":"9223372036854769675"}
2025-11-09 00:49:59.041 | DEBUG    | src.application.utils.api_assertions:validate_response_model:38 - Valid response model for https://petstore.swagger.io/v2/user: {"code":200,"type":"unknown","message":"9223372036854769675"}
2025-11-09 00:49:59.042 | DEBUG    | src.core.clients.api_client:wrapper:29 - Request PATH: /user/rodneywilson. Body None. Header: None Params: None
2025-11-09 00:49:59.305 | DEBUG    | src.core.clients.api_client:wrapper:32 - Response from /user/rodneywilson: 404 | {"code":1,"type":"error","message":"User not found"}
2025-11-09 00:49:59.309 | ERROR    | src.application.utils.api_assertions:assert_status_code:19 - Invalid response code: 404. Response body: {"code":1,"type":"error","message":"User not found"}
2025-11-09 00:50:02.432 | DEBUG    | src.core.clients.api_client:wrapper:29 - Request PATH: /user/createWithList. Body [{'id': 5603, 'username': 'williamcarlson', 'firstname': 'Angela', 'lastname': 'Peterson', 'email': 'eringarcia@example.com', 'password': 'Yw$Te2LwC0', 'phone': '001-916-389-1698x2436', 'user_status': 3}, {'id': 92, 'username': 'hortondeborah', 'firstname': 'Joseph', 'lastname': 'Garza', 'email': 'barryvictoria@example.com', 'password': '*9TTbiw!#4', 'phone': '480.649.1669', 'user_status': 2}, {'id': 4, 'username': 'deanpatel', 'firstname': 'Mitchell', 'lastname': 'Ramsey', 'email': 'jessica97@example.com', 'password': '@MH7VOPo8_', 'phone': '+1-520-339-3204x5168', 'user_status': 4}, {'id': 89, 'username': 'evansjesus', 'firstname': 'Melanie', 'lastname': 'Jordan', 'email': 'csanders@example.org', 'password': 'uB4Fv+PM+i', 'phone': '6829216592', 'user_status': 3}, {'id': 719, 'username': 'uanderson', 'firstname': 'Michael', 'lastname': 'Bell', 'email': 'amanda31@example.net', 'password': 'rMuRrGPv_1', 'phone': '210.578.0603', 'user_status': 3}, {'id': 2000, 'username': 'mooremary', 'firstname': 'Christopher', 'lastname': 'Parker', 'email': 'amunoz@example.org', 'password': '$2O2MXmi3D', 'phone': '531-427-1676', 'user_status': 2}, {'id': 4280, 'username': 'maurice14', 'firstname': 'Danielle', 'lastname': 'Greer', 'email': 'porterhannah@example.net', 'password': 'z3gJz__d%J', 'phone': '(265)915-4112x4906', 'user_status': 5}, {'id': 40584, 'username': 'qrogers', 'firstname': 'Jason', 'lastname': 'Smith', 'email': 'thomas55@example.com', 'password': '&QZ%mxi*P1', 'phone': '+1-693-427-5299x71685', 'user_status': 1}, {'id': 81, 'username': 'pamelali', 'firstname': 'Vicki', 'lastname': 'Brown', 'email': 'williamsheather@example.net', 'password': 'K5Eu%*xg!F', 'phone': '767-645-0596', 'user_status': 5}, {'id': 6994465, 'username': 'qadkins', 'firstname': 'Rhonda', 'lastname': 'Adams', 'email': 'catherine19@example.com', 'password': 'e!8@SKFc%t', 'phone': '696-272-2311', 'user_status': 3}]. Header: None Params: None
2025-11-09 00:50:03.481 | DEBUG    | src.core.clients.api_client:wrapper:32 - Response from /user/createWithList: 415 | {"code":415,"type":"unknown","message":"com.sun.jersey.api.MessageException: A message body reader for Java class java.util.List, and Java type java.util.List<io.swagger.sample.model.User>, and MIME media type application/octet-stream was not found.\nThe registered message body readers compatible with the MIME media type are:\n*/* ->\n  com.sun.jersey.core.impl.provider.entity.FormProvider\n  com.sun.jersey.core.impl.provider.entity.StringProvider\n  com.sun.jersey.core.impl.provider.entity.ByteArrayProvider\n  com.sun.jersey.core.impl.provider.entity.FileProvider\n  com.sun.jersey.core.impl.provider.entity.InputStreamProvider\n  com.sun.jersey.core.impl.provider.entity.DataSourceProvider\n  com.sun.jersey.core.impl.provider.entity.XMLJAXBElementProvider$General\n  com.sun.jersey.core.impl.provider.entity.ReaderProvider\n  com.sun.jersey.core.impl.provider.entity.DocumentProvider\n  com.sun.jersey.core.impl.provider.entity.SourceProvider$StreamSourceReader\n  com.sun.jersey.core.impl.provider.entity.SourceProvider$SAXSourceReader\n  com.sun.jersey.core.impl.provider.entity.SourceProvider$DOMSourceReader\n  com.sun.jersey.json.impl.provider.entity.JSONJAXBElementProvider$General\n  com.sun.jersey.json.impl.provider.entity.JSONArrayProvider$General\n  com.sun.jersey.json.impl.provider.entity.JSONObjectProvider$General\n  com.fasterxml.jackson.jaxrs.json.JacksonJsonProvider\n  com.sun.jersey.core.impl.provider.entity.XMLRootElementProvider$General\n  com.sun.jersey.core.impl.provider.entity.XMLListElementProvider$General\n  com.sun.jersey.core.impl.provider.entity.XMLRootObjectProvider$General\n  com.sun.jersey.core.impl.provider.entity.EntityHolderReader\n  com.sun.jersey.json.impl.provider.entity.JSONRootElementProvider$General\n  com.sun.jersey.json.impl.provider.entity.JSONListElementProvider$General\n  com.sun.jersey.json.impl.provider.entity.JacksonProviderProxy\napplication/octet-stream ->\n  com.sun.jersey.core.impl.provider.entity.ByteArrayProvider\n  com.sun.jersey.core.impl.provider.entity.FileProvider\n  com.sun.jersey.core.impl.provider.entity.InputStreamProvider\n  com.sun.jersey.core.impl.provider.entity.DataSourceProvider\n  com.sun.jersey.core.impl.provider.entity.RenderedImageProvider\n"}
2025-11-09 00:50:03.484 | ERROR    | src.application.utils.api_assertions:assert_status_code:19 - Invalid response code: 415. Response body: {"code":415,"type":"unknown","message":"com.sun.jersey.api.MessageException: A message body reader for Java class java.util.List, and Java type java.util.List<io.swagger.sample.model.User>, and MIME media type application/octet-stream was not found.\nThe registered message body readers compatible with the MIME media type are:\n*/* ->\n  com.sun.jersey.core.impl.provider.entity.FormProvider\n  com.sun.jersey.core.impl.provider.entity.StringProvider\n  com.sun.jersey.core.impl.provider.entity.ByteArrayProvider\n  com.sun.jersey.core.impl.provider.entity.FileProvider\n  com.sun.jersey.core.impl.provider.entity.InputStreamProvider\n  com.sun.jersey.core.impl.provider.entity.DataSourceProvider\n  com.sun.jersey.core.impl.provider.entity.XMLJAXBElementProvider$General\n  com.sun.jersey.core.impl.provider.entity.ReaderProvider\n  com.sun.jersey.core.impl.provider.entity.DocumentProvider\n  com.sun.jersey.core.impl.provider.entity.SourceProvider$StreamSourceReader\n  com.sun.jersey.core.impl.provider.entity.SourceProvider$SAXSourceReader\n  com.sun.jersey.core.impl.provider.entity.SourceProvider$DOMSourceReader\n  com.sun.jersey.json.impl.provider.entity.JSONJAXBElementProvider$General\n  com.sun.jersey.json.impl.provider.entity.JSONArrayProvider$General\n  com.sun.jersey.json.impl.provider.entity.JSONObjectProvider$General\n  com.fasterxml.jackson.jaxrs.json.JacksonJsonProvider\n  com.sun.jersey.core.impl.provider.entity.XMLRootElementProvider$General\n  com.sun.jersey.core.impl.provider.entity.XMLListElementProvider$General\n  com.sun.jersey.core.impl.provider.entity.XMLRootObjectProvider$General\n  com.sun.jersey.core.impl.provider.entity.EntityHolderReader\n  com.sun.jersey.json.impl.provider.entity.JSONRootElementProvider$General\n  com.sun.jersey.json.impl.provider.entity.JSONListElementProvider$General\n  com.sun.jersey.json.impl.provider.entity.JacksonProviderProxy\napplication/octet-stream ->\n  com.sun.jersey.core.impl.provider.entity.ByteArrayProvider\n  com.sun.jersey.core.impl.provider.entity.FileProvider\n  com.sun.jersey.core.impl.provider.entity.InputStreamProvider\n  com.sun.jersey.core.impl.provider.entity.DataSourceProvider\n  com.sun.jersey.core.impl.provider.entity.RenderedImageProvider\n"}
2025-11-09 00:50:04.330 | DEBUG    | src.core.clients.api_client:wrapper:29 - Request PATH: /user. Body {'id': 104837, 'username': 'cassandra62', 'firstname': 'Robert', 'lastname': 'Watts', 'email': 'christy88@example.net', 'password': 'D)@7VLAy5L', 'phone': '685-407-7036x3582', 'user_status': 3}. Header: None Params: None
2025-11-09 00:50:05.372 | DEBUG    | src.core.clients.api_client:wrapper:32 - Response from /user: 200 | {"code":200,"type":"unknown","message":"104837"}
2025-11-09 00:50:05.373 | DEBUG    | src.application.utils.api_assertions:assert_status_code:17 - Valid response for https://petstore.swagger.io/v2/user: {"code":200,"type":"unknown","message":"104837"}
2025-11-09 00:50:05.375 | DEBUG    | src.application.utils.api_assertions:validate_response_model:38 - Valid response model for https://petstore.swagger.io/v2/user: {"code":200,"type":"unknown","message":"104837"}
2025-11-09 00:50:05.375 | DEBUG    | src.core.clients.api_client:wrapper:29 - Request PATH: /user/cassandra62. Body None. Header: None Params: None
2025-11-09 00:50:05.638 | DEBUG    | src.core.clients.api_client:wrapper:32 - Response from /user/cassandra62: 404 | {"code":1,"type":"error","message":"User not found"}
2025-11-09 00:50:05.642 | ERROR    | src.application.utils.api_assertions:assert_status_code:19 - Invalid response code: 404. Response body: {"code":1,"type":"error","message":"User not found"}
2025-11-09 00:53:06.119 | DEBUG    | src.core.clients.api_client:wrapper:29 - Request PATH: /user/createWithList. Body [{'id': 66847617, 'username': 'gomezkimberly', 'firstname': 'John', 'lastname': 'Long', 'email': 'daniel60@example.net', 'password': 'csn1jFBj9&', 'phone': '(244)474-5176x48190', 'user_status': 4}, {'id': 3419642, 'username': 'jamiehancock', 'firstname': 'Gina', 'lastname': 'Booker', 'email': 'eric55@example.net', 'password': '1+0Gs+Rcme', 'phone': '+1-297-368-4013x47166', 'user_status': 2}]. Header: None Params: None
2025-11-09 00:53:06.120 | DEBUG    | src.core.clients.api_client:wrapper:29 - Request PATH: /store/inventory. Body None. Header: None Params: None
2025-11-09 00:53:06.121 | ERROR    | src.core.clients.api_client:wrapper:36 - Request to /store/inventory failed. Body None. Params: None. Exception: Provided request body type is not supported: <class 'NoneType'>
2025-11-09 00:53:06.134 | DEBUG    | src.core.clients.api_client:wrapper:29 - Request PATH: /user. Body {'id': 109, 'username': 'james75', 'firstname': 'James', 'lastname': 'Bird', 'email': 'lisawatkins@example.org', 'password': 'F_p)9Tpf_8', 'phone': '001-279-210-9060', 'user_status': 5}. Header: None Params: None
2025-11-09 00:53:06.141 | DEBUG    | src.core.clients.api_client:wrapper:29 - Request PATH: /user. Body {'id': 53505, 'username': 'matthewmccarthy', 'firstname': 'John', 'lastname': 'Gonzalez', 'email': 'boyerrobert@example.net', 'password': 'A@6Nk)Bx5N', 'phone': '(955)415-8460x640', 'user_status': 5}. Header: None Params: None
2025-11-09 00:53:07.231 | DEBUG    | src.core.clients.api_client:wrapper:32 - Response from /user: 200 | {"code":200,"type":"unknown","message":"53505"}
2025-11-09 00:53:07.235 | DEBUG    | src.application.utils.api_assertions:assert_status_code:17 - Valid response for https://petstore.swagger.io/v2/user: {"code":200,"type":"unknown","message":"53505"}
2025-11-09 00:53:07.237 | DEBUG    | src.application.utils.api_assertions:validate_response_model:38 - Valid response model for https://petstore.swagger.io/v2/user: {"code":200,"type":"unknown","message":"53505"}
2025-11-09 00:53:07.238 | DEBUG    | src.core.clients.api_client:wrapper:29 - Request PATH: /user/matthewmccarthy. Body None. Header: None Params: None
2025-11-09 00:53:07.238 | ERROR    | src.core.clients.api_client:wrapper:36 - Request to /user/matthewmccarthy failed. Body None. Params: None. Exception: Provided request body type is not supported: <class 'NoneType'>
2025-11-09 00:53:07.276 | DEBUG    | src.core.clients.api_client:wrapper:32 - Response from /user: 200 | {"code":200,"type":"unknown","message":"109"}
2025-11-09 00:53:07.278 | DEBUG    | src.application.utils.api_assertions:assert_status_code:17 - Valid response for https://petstore.swagger.io/v2/user: {"code":200,"type":"unknown","message":"109"}
2025-11-09 00:53:07.279 | DEBUG    | src.core.clients.api_client:wrapper:32 - Response from /user/createWithList: 200 | {"code":200,"type":"unknown","message":"ok"}
2025-11-09 00:53:07.280 | DEBUG    | src.application.utils.api_assertions:validate_response_model:38 - Valid response model for https://petstore.swagger.io/v2/user: {"code":200,"type":"unknown","message":"109"}
2025-11-09 00:53:07.282 | DEBUG    | src.application.utils.api_assertions:assert_status_code:17 - Valid response for https://petstore.swagger.io/v2/user/createWithList: {"code":200,"type":"unknown","message":"ok"}
2025-11-09 00:53:07.284 | DEBUG    | src.application.utils.api_assertions:validate_response_model:38 - Valid response model for https://petstore.swagger.io/v2/user/createWithList: {"code":200,"type":"unknown","message":"ok"}
2025-11-09 00:53:07.288 | DEBUG    | src.core.clients.api_client:wrapper:29 - Request PATH: /user/createWithList. Body [{'id': 492318, 'username': 'jamesdavis', 'firstname': 'Henry', 'lastname': 'Leonard', 'email': 'ashley73@example.com', 'password': 'D0oE5LGi)U', 'phone': '+1-441-556-3728x21992', 'user_status': 4}]. Header: None Params: None
2025-11-09 00:53:07.296 | DEBUG    | src.core.clients.api_client:wrapper:29 - Request PATH: /user/createWithList. Body [{'id': 298802205, 'username': 'andersonkathleen', 'firstname': 'Erik', 'lastname': 'Ryan', 'email': 'ramirezdeborah@example.org', 'password': ')vt1qYcfus', 'phone': '(911)565-5030x7342', 'user_status': 1}, {'id': 33, 'username': 'dennisanna', 'firstname': 'Angela', 'lastname': 'Beck', 'email': 'krystalbrown@example.net', 'password': 'RI%9TufakM', 'phone': '+1-549-377-5213', 'user_status': 4}, {'id': 658820658, 'username': 'zholloway', 'firstname': 'John', 'lastname': 'Ward', 'email': 'trevorbrown@example.org', 'password': '^W7FmGs@2n', 'phone': '(454)507-7799x1354', 'user_status': 5}, {'id': 7, 'username': 'ybell', 'firstname': 'Sean', 'lastname': 'Steele', 'email': 'fking@example.org', 'password': '*0$K5gwP1^', 'phone': '938.279.6997', 'user_status': 5}, {'id': 715019, 'username': 'melanie35', 'firstname': 'Jennifer', 'lastname': 'Everett', 'email': 'michellelane@example.com', 'password': '@w6s*VDxaE', 'phone': '(339)435-7287x36532', 'user_status': 3}, {'id': 753, 'username': 'john58', 'firstname': 'Austin', 'lastname': 'Lara', 'email': 'brianmyers@example.net', 'password': '&2YFDa@%1i', 'phone': '+1-552-900-2915x39471', 'user_status': 2}, {'id': 707, 'username': 'tmiller', 'firstname': 'Michele', 'lastname': 'Rodriguez', 'email': 'fbradford@example.org', 'password': 'W@!0LAun46', 'phone': '750-737-7821x146', 'user_status': 4}, {'id': 5, 'username': 'anthony85', 'firstname': 'Jeanette', 'lastname': 'Nelson', 'email': 'porterdana@example.com', 'password': '%3XpwqlI*o', 'phone': '353.781.0305x21049', 'user_status': 1}, {'id': 8216295, 'username': 'angelamckinney', 'firstname': 'Patricia', 'lastname': 'Fox', 'email': 'garysmith@example.com', 'password': 'U#Tq03bg%8', 'phone': '(357)715-7619', 'user_status': 3}, {'id': 39430021, 'username': 'eugene08', 'firstname': 'James', 'lastname': 'Tate', 'email': 'leahmiller@example.com', 'password': 'HMs&D8Nx+e', 'phone': '(705)758-2567x9788', 'user_status': 4}]. Header: None Params: None
2025-11-09 00:53:07.555 | DEBUG    | src.core.clients.api_client:wrapper:32 - Response from /user/createWithList: 200 | {"code":200,"type":"unknown","message":"ok"}
2025-11-09 00:53:07.557 | DEBUG    | src.application.utils.api_assertions:assert_status_code:17 - Valid response for https://petstore.swagger.io/v2/user/createWithList: {"code":200,"type":"unknown","message":"ok"}
2025-11-09 00:53:07.559 | DEBUG    | src.application.utils.api_assertions:validate_response_model:38 - Valid response model for https://petstore.swagger.io/v2/user/createWithList: {"code":200,"type":"unknown","message":"ok"}
2025-11-09 00:53:07.564 | DEBUG    | src.core.clients.api_client:wrapper:29 - Request PATH: /user. Body {'id': 7, 'username': 'virginia67', 'firstname': 'Jose', 'lastname': 'Ross', 'email': 'morrischristopher@example.net', 'password': '@1K4RymS1^', 'phone': '555.863.7774', 'user_status': 4}. Header: None Params: None
2025-11-09 00:53:07.567 | DEBUG    | src.core.clients.api_client:wrapper:32 - Response from /user/createWithList: 200 | {"code":200,"type":"unknown","message":"ok"}
2025-11-09 00:53:07.568 | DEBUG    | src.application.utils.api_assertions:assert_status_code:17 - Valid response for https://petstore.swagger.io/v2/user/createWithList: {"code":200,"type":"unknown","message":"ok"}
2025-11-09 00:53:07.570 | DEBUG    | src.application.utils.api_assertions:validate_response_model:38 - Valid response model for https://petstore.swagger.io/v2/user/createWithList: {"code":200,"type":"unknown","message":"ok"}
2025-11-09 00:53:07.828 | DEBUG    | src.core.clients.api_client:wrapper:32 - Response from /user: 200 | {"code":200,"type":"unknown","message":"7"}
2025-11-09 00:53:07.830 | DEBUG    | src.application.utils.api_assertions:assert_status_code:17 - Valid response for https://petstore.swagger.io/v2/user: {"code":200,"type":"unknown","message":"7"}
2025-11-09 00:53:07.832 | DEBUG    | src.application.utils.api_assertions:validate_response_model:38 - Valid response model for https://petstore.swagger.io/v2/user: {"code":200,"type":"unknown","message":"7"}
2025-11-09 00:53:07.832 | DEBUG    | src.core.clients.api_client:wrapper:29 - Request PATH: /user/virginia67. Body {'id': 7, 'username': 'virginia67', 'firstname': 'Jose', 'lastname': 'Ross', 'email': 'morrischristopher@example.net', 'password': '@1K4RymS1^', 'phone': '555.863.7774', 'user_status': 4}. Header: None Params: None
2025-11-09 00:53:08.101 | DEBUG    | src.core.clients.api_client:wrapper:32 - Response from /user/virginia67: 200 | {"code":200,"type":"unknown","message":"7"}
2025-11-09 00:53:08.104 | DEBUG    | src.application.utils.api_assertions:assert_status_code:17 - Valid response for https://petstore.swagger.io/v2/user/virginia67: {"code":200,"type":"unknown","message":"7"}
2025-11-09 00:53:11.303 | DEBUG    | src.core.clients.api_client:wrapper:29 - Request PATH: /store/inventory. Body None. Header: None Params: None
2025-11-09 00:53:11.303 | ERROR    | src.core.clients.api_client:wrapper:36 - Request to /store/inventory failed. Body None. Params: None. Exception: Provided request body type is not supported: <class 'NoneType'>
2025-11-09 00:53:12.425 | DEBUG    | src.core.clients.api_client:wrapper:29 - Request PATH: /user. Body {'id': 17, 'username': 'curtissingh', 'firstname': 'Sara', 'lastname': 'Brown', 'email': 'xcameron@example.com', 'password': '@5PhfWZk*7', 'phone': '285.958.6157', 'user_status': 1}. Header: None Params: None
2025-11-09 00:53:13.482 | DEBUG    | src.core.clients.api_client:wrapper:32 - Response from /user: 200 | {"code":200,"type":"unknown","message":"17"}
2025-11-09 00:53:13.486 | DEBUG    | src.application.utils.api_assertions:assert_status_code:17 - Valid response for https://petstore.swagger.io/v2/user: {"code":200,"type":"unknown","message":"17"}
2025-11-09 00:53:13.488 | DEBUG    | src.application.utils.api_assertions:validate_response_model:38 - Valid response model for https://petstore.swagger.io/v2/user: {"code":200,"type":"unknown","message":"17"}
2025-11-09 00:53:13.488 | DEBUG    | src.core.clients.api_client:wrapper:29 - Request PATH: /user/curtissingh. Body None. Header: None Params: None
2025-11-09 00:53:13.488 | ERROR    | src.core.clients.api_client:wrapper:36 - Request to /user/curtissingh failed. Body None. Params: None. Exception: Provided request body type is not supported: <class 'NoneType'>
2025-11-09 00:53:16.326 | DEBUG    | src.core.clients.api_client:wrapper:29 - Request PATH: /store/inventory. Body None. Header: None Params: None
2025-11-09 00:53:16.326 | ERROR    | src.core.clients.api_client:wrapper:36 - Request to /store/inventory failed. Body None. Params: None. Exception: Provided request body type is not supported: <class 'NoneType'>
2025-11-09 00:53:18.515 | DEBUG    | src.core.clients.api_client:wrapper:29 - Request PATH: /user. Body {'id': 51466384, 'username': 'brownbrandon', 'firstname': 'Sara', 'lastname': 'Hernandez', 'email': 'ahuber@example.org', 'password': 'Kn+7^DhefT', 'phone': '346-770-3018x419', 'user_status': 4}. Header: None Params: None
2025-11-09 00:53:19.584 | DEBUG    | src.core.clients.api_client:wrapper:32 - Response from /user: 200 | {"code":200,"type":"unknown","message":"51466384"}
2025-11-09 00:53:19.587 | DEBUG    | src.application.utils.api_assertions:assert_status_code:17 - Valid response for https://petstore.swagger.io/v2/user: {"code":200,"type":"unknown","message":"51466384"}
2025-11-09 00:53:19.589 | DEBUG    | src.application.utils.api_assertions:validate_response_model:38 - Valid response model for https://petstore.swagger.io/v2/user: {"code":200,"type":"unknown","message":"51466384"}
2025-11-09 00:53:19.589 | DEBUG    | src.core.clients.api_client:wrapper:29 - Request PATH: /user/brownbrandon. Body None. Header: None Params: None
2025-11-09 00:53:19.590 | ERROR    | src.core.clients.api_client:wrapper:36 - Request to /user/brownbrandon failed. Body None. Params: None. Exception: Provided request body type is not supported: <class 'NoneType'>
2025-11-09 00:53:21.352 | DEBUG    | src.core.clients.api_client:wrapper:29 - Request PATH: /store/inventory. Body None. Header: None Params: None
2025-11-09 00:53:21.353 | ERROR    | src.core.clients.api_client:wrapper:36 - Request to /store/inventory failed. Body None. Params: None. Exception: Provided request body type is not supported: <class 'NoneType'>
2025-11-09 00:53:21.373 | DEBUG    | src.core.clients.api_client:wrapper:29 - Request PATH: /store/order/1. Body None. Header: None Params: None
2025-11-09 00:53:21.373 | ERROR    | src.core.clients.api_client:wrapper:36 - Request to /store/order/1 failed. Body None. Params: None. Exception: Provided request body type is not supported: <class 'NoneType'>
2025-11-09 00:53:24.617 | DEBUG    | src.core.clients.api_client:wrapper:29 - Request PATH: /user. Body {'id': 435064, 'username': 'jasonthomas', 'firstname': 'Michael', 'lastname': 'Wells', 'email': 'huangwesley@example.org', 'password': 'X+1Ph1Ws&$', 'phone': '(874)810-8324x508', 'user_status': 2}. Header: None Params: None
2025-11-09 00:53:25.665 | DEBUG    | src.core.clients.api_client:wrapper:32 - Response from /user: 200 | {"code":200,"type":"unknown","message":"435064"}
2025-11-09 00:53:25.667 | DEBUG    | src.application.utils.api_assertions:assert_status_code:17 - Valid response for https://petstore.swagger.io/v2/user: {"code":200,"type":"unknown","message":"435064"}
2025-11-09 00:53:25.669 | DEBUG    | src.application.utils.api_assertions:validate_response_model:38 - Valid response model for https://petstore.swagger.io/v2/user: {"code":200,"type":"unknown","message":"435064"}
2025-11-09 00:53:25.669 | DEBUG    | src.core.clients.api_client:wrapper:29 - Request PATH: /user/jasonthomas. Body None. Header: None Params: None
2025-11-09 00:53:25.669 | ERROR    | src.core.clients.api_client:wrapper:36 - Request to /user/jasonthomas failed. Body None. Params: None. Exception: Provided request body type is not supported: <class 'NoneType'>
2025-11-09 00:53:25.691 | DEBUG    | src.core.clients.api_client:wrapper:29 - Request PATH: /user. Body {'id': 23672, 'username': 'christianmoore', 'firstname': 'Douglas', 'lastname': 'Williams', 'email': 'cmorgan@example.org', 'password': 'F&9XScnB^+', 'phone': '(680)495-3718x057', 'user_status': 4}. Header: None Params: None
2025-11-09 00:53:25.956 | DEBUG    | src.core.clients.api_client:wrapper:32 - Response from /user: 200 | {"code":200,"type":"unknown","message":"23672"}
2025-11-09 00:53:25.960 | DEBUG    | src.application.utils.api_assertions:assert_status_code:17 - Valid response for https://petstore.swagger.io/v2/user: {"code":200,"type":"unknown","message":"23672"}
2025-11-09 00:53:25.961 | DEBUG    | src.application.utils.api_assertions:validate_response_model:38 - Valid response model for https://petstore.swagger.io/v2/user: {"code":200,"type":"unknown","message":"23672"}
2025-11-09 00:53:25.962 | DEBUG    | src.core.clients.api_client:wrapper:29 - Request PATH: /user/christianmoore. Body None. Header: None Params: None
2025-11-09 00:53:25.962 | ERROR    | src.core.clients.api_client:wrapper:36 - Request to /user/christianmoore failed. Body None. Params: None. Exception: Provided request body type is not supported: <class 'NoneType'>
2025-11-09 00:53:26.394 | DEBUG    | src.core.clients.api_client:wrapper:29 - Request PATH: /store/order/1. Body None. Header: None Params: None
2025-11-09 00:53:26.394 | ERROR    | src.core.clients.api_client:wrapper:36 - Request to /store/order/1 failed. Body None. Params: None. Exception: Provided request body type is not supported: <class 'NoneType'>
2025-11-09 00:53:30.989 | DEBUG    | src.core.clients.api_client:wrapper:29 - Request PATH: /user. Body {'id': 7477694, 'username': 'danieloliver', 'firstname': 'Kelly', 'lastname': 'Allen', 'email': 'travis32@example.net', 'password': 'i7S4Rr!f$H', 'phone': '(660)248-3400x9117', 'user_status': 4}. Header: None Params: None
2025-11-09 00:53:31.418 | DEBUG    | src.core.clients.api_client:wrapper:29 - Request PATH: /store/order/1. Body None. Header: None Params: None
2025-11-09 00:53:31.418 | ERROR    | src.core.clients.api_client:wrapper:36 - Request to /store/order/1 failed. Body None. Params: None. Exception: Provided request body type is not supported: <class 'NoneType'>
2025-11-09 00:53:32.068 | DEBUG    | src.core.clients.api_client:wrapper:32 - Response from /user: 200 | {"code":200,"type":"unknown","message":"7477694"}
2025-11-09 00:53:32.072 | DEBUG    | src.application.utils.api_assertions:assert_status_code:17 - Valid response for https://petstore.swagger.io/v2/user: {"code":200,"type":"unknown","message":"7477694"}
2025-11-09 00:53:32.074 | DEBUG    | src.application.utils.api_assertions:validate_response_model:38 - Valid response model for https://petstore.swagger.io/v2/user: {"code":200,"type":"unknown","message":"7477694"}
2025-11-09 00:53:32.074 | DEBUG    | src.core.clients.api_client:wrapper:29 - Request PATH: /user/danieloliver. Body None. Header: None Params: None
2025-11-09 00:53:32.074 | ERROR    | src.core.clients.api_client:wrapper:36 - Request to /user/danieloliver failed. Body None. Params: None. Exception: Provided request body type is not supported: <class 'NoneType'>
2025-11-09 00:53:36.438 | DEBUG    | src.core.clients.api_client:wrapper:29 - Request PATH: /store/order/1. Body None. Header: None Params: None
2025-11-09 00:53:36.438 | ERROR    | src.core.clients.api_client:wrapper:36 - Request to /store/order/1 failed. Body None. Params: None. Exception: Provided request body type is not supported: <class 'NoneType'>
2025-11-09 00:53:37.099 | DEBUG    | src.core.clients.api_client:wrapper:29 - Request PATH: /user. Body {'id': 6, 'username': 'emilypearson', 'firstname': 'Mariah', 'lastname': 'Parks', 'email': 'karen17@example.org', 'password': 'F&5$Rs$Gw6', 'phone': '488.372.1224', 'user_status': 2}. Header: None Params: None
2025-11-09 00:53:38.153 | DEBUG    | src.core.clients.api_client:wrapper:32 - Response from /user: 200 | {"code":200,"type":"unknown","message":"6"}
2025-11-09 00:53:38.156 | DEBUG    | src.application.utils.api_assertions:assert_status_code:17 - Valid response for https://petstore.swagger.io/v2/user: {"code":200,"type":"unknown","message":"6"}
2025-11-09 00:53:38.158 | DEBUG    | src.application.utils.api_assertions:validate_response_model:38 - Valid response model for https://petstore.swagger.io/v2/user: {"code":200,"type":"unknown","message":"6"}
2025-11-09 00:53:38.158 | DEBUG    | src.core.clients.api_client:wrapper:29 - Request PATH: /user/emilypearson. Body None. Header: None Params: None
2025-11-09 00:53:38.159 | ERROR    | src.core.clients.api_client:wrapper:36 - Request to /user/emilypearson failed. Body None. Params: None. Exception: Provided request body type is not supported: <class 'NoneType'>
2025-11-09 00:53:43.190 | DEBUG    | src.core.clients.api_client:wrapper:29 - Request PATH: /user. Body {'id': 668, 'username': 'danielrodriguez', 'firstname': 'Scott', 'lastname': 'Frazier', 'email': 'vowens@example.org', 'password': '))lv+4Mk#c', 'phone': '712.713.0697x9237', 'user_status': 4}. Header: None Params: None
2025-11-09 00:53:44.217 | DEBUG    | src.core.clients.api_client:wrapper:32 - Response from /user: 200 | {"code":200,"type":"unknown","message":"668"}
2025-11-09 00:53:44.221 | DEBUG    | src.application.utils.api_assertions:assert_status_code:17 - Valid response for https://petstore.swagger.io/v2/user: {"code":200,"type":"unknown","message":"668"}
2025-11-09 00:53:44.223 | DEBUG    | src.application.utils.api_assertions:validate_response_model:38 - Valid response model for https://petstore.swagger.io/v2/user: {"code":200,"type":"unknown","message":"668"}
2025-11-09 00:53:44.223 | DEBUG    | src.core.clients.api_client:wrapper:29 - Request PATH: /user/danielrodriguez. Body None. Header: None Params: None
2025-11-09 00:53:44.223 | ERROR    | src.core.clients.api_client:wrapper:36 - Request to /user/danielrodriguez failed. Body None. Params: None. Exception: Provided request body type is not supported: <class 'NoneType'>
2025-11-09 00:54:43.121 | DEBUG    | src.core.clients.api_client:wrapper:31 - Request PATH: /user. Body {'id': 55233, 'username': 'marissabrowning', 'firstname': 'Jennifer', 'lastname': 'Luna', 'email': 'haysjimmy@example.org', 'password': '2oFwkp5A$X', 'phone': '293-641-2455x64731', 'user_status': 2}. Header: None Params: None
2025-11-09 00:54:43.127 | DEBUG    | src.core.clients.api_client:wrapper:31 - Request PATH: /user/createWithList. Body [{'id': 16, 'username': 'ellisroy', 'firstname': 'Christine', 'lastname': 'Rhodes', 'email': 'laura64@example.net', 'password': '$)XC1R+uN)', 'phone': '(795)990-8469x6565', 'user_status': 4}, {'id': 38621, 'username': 'websterjoshua', 'firstname': 'Eric', 'lastname': 'Edwards', 'email': 'lindseythompson@example.com', 'password': '*)FR0O5iq9', 'phone': '777-302-5841x13893', 'user_status': 3}]. Header: None Params: None
2025-11-09 00:54:43.137 | DEBUG    | src.core.clients.api_client:wrapper:31 - Request PATH: /store/inventory. Body None. Header: None Params: None
2025-11-09 00:54:43.152 | DEBUG    | src.core.clients.api_client:wrapper:31 - Request PATH: /user. Body {'id': 115583081, 'username': 'sfoster', 'firstname': 'Haley', 'lastname': 'Meza', 'email': 'amyshaffer@example.com', 'password': '_xWO0t*31O', 'phone': '885.779.4749x51647', 'user_status': 2}. Header: None Params: None
2025-11-09 00:54:44.252 | DEBUG    | src.core.clients.api_client:wrapper:34 - Response from /user: 200 | {"code":200,"type":"unknown","message":"55233"}
2025-11-09 00:54:44.255 | DEBUG    | src.application.utils.api_assertions:assert_status_code:17 - Valid response for https://petstore.swagger.io/v2/user: {"code":200,"type":"unknown","message":"55233"}
2025-11-09 00:54:44.256 | DEBUG    | src.application.utils.api_assertions:validate_response_model:38 - Valid response model for https://petstore.swagger.io/v2/user: {"code":200,"type":"unknown","message":"55233"}
2025-11-09 00:54:44.257 | DEBUG    | src.core.clients.api_client:wrapper:31 - Request PATH: /user/marissabrowning. Body None. Header: None Params: None
2025-11-09 00:54:44.258 | DEBUG    | src.core.clients.api_client:wrapper:34 - Response from /user/createWithList: 200 | {"code":200,"type":"unknown","message":"ok"}
2025-11-09 00:54:44.260 | DEBUG    | src.core.clients.api_client:wrapper:34 - Response from /user: 200 | {"code":200,"type":"unknown","message":"115583081"}
2025-11-09 00:54:44.261 | DEBUG    | src.application.utils.api_assertions:assert_status_code:17 - Valid response for https://petstore.swagger.io/v2/user/createWithList: {"code":200,"type":"unknown","message":"ok"}
2025-11-09 00:54:44.263 | DEBUG    | src.application.utils.api_assertions:assert_status_code:17 - Valid response for https://petstore.swagger.io/v2/user: {"code":200,"type":"unknown","message":"115583081"}
2025-11-09 00:54:44.265 | DEBUG    | src.application.utils.api_assertions:validate_response_model:38 - Valid response model for https://petstore.swagger.io/v2/user/createWithList: {"code":200,"type":"unknown","message":"ok"}
2025-11-09 00:54:44.265 | DEBUG    | src.application.utils.api_assertions:validate_response_model:38 - Valid response model for https://petstore.swagger.io/v2/user: {"code":200,"type":"unknown","message":"115583081"}
2025-11-09 00:54:44.272 | DEBUG    | src.core.clients.api_client:wrapper:31 - Request PATH: /user/createWithList. Body [{'id': 88, 'username': 'jgarrison', 'firstname': 'Sydney', 'lastname': 'Martinez', 'email': 'nhaynes@example.com', 'password': 'N)V6SusoE%', 'phone': '5492781220', 'user_status': 2}]. Header: None Params: None
2025-11-09 00:54:44.274 | DEBUG    | src.core.clients.api_client:wrapper:31 - Request PATH: /user/createWithList. Body [{'id': 0, 'username': 'justin11', 'firstname': 'Emily', 'lastname': 'Walker', 'email': 'peter54@example.org', 'password': 'x77RKoVq@P', 'phone': '788.766.9321', 'user_status': 2}, {'id': 8243752, 'username': 'kdavis', 'firstname': 'Rose', 'lastname': 'Harris', 'email': 'angela34@example.com', 'password': 'w*0(2Xmp_I', 'phone': '498-950-1831x88491', 'user_status': 1}, {'id': 1145326, 'username': 'dennislambert', 'firstname': 'Kristen', 'lastname': 'Lopez', 'email': 'melvin31@example.org', 'password': '^9cLZH5w1w', 'phone': '980-701-6620x234', 'user_status': 5}, {'id': 724344, 'username': 'lisapeck', 'firstname': 'Teresa', 'lastname': 'Henderson', 'email': 'joann23@example.com', 'password': 'O(@4zINb7u', 'phone': '(440)508-1509x19439', 'user_status': 3}, {'id': 70007699, 'username': 'paul03', 'firstname': 'Gregory', 'lastname': 'Austin', 'email': 'leachlauren@example.net', 'password': 'c89Vg2rf@!', 'phone': '789.256.5167', 'user_status': 4}, {'id': 8286, 'username': 'ortegapatricia', 'firstname': 'Tammy', 'lastname': 'Johnson', 'email': 'tpollard@example.org', 'password': '*K#z4Xf8Mr', 'phone': '656-794-0199x38826', 'user_status': 4}, {'id': 97498, 'username': 'john32', 'firstname': 'Jessica', 'lastname': 'Cox', 'email': 'ihunter@example.net', 'password': 'C$26U3Wbgj', 'phone': '001-502-683-0583x6697', 'user_status': 2}, {'id': 1, 'username': 'thomas80', 'firstname': 'Destiny', 'lastname': 'Taylor', 'email': 'tonyawatson@example.org', 'password': '(G70GqXnR$', 'phone': '(290)369-7050x094', 'user_status': 1}, {'id': 57, 'username': 'bendercharles', 'firstname': 'Ann', 'lastname': 'Meyer', 'email': 'harristina@example.com', 'password': '_lUK7^%P#8', 'phone': '(221)280-6489x41118', 'user_status': 5}, {'id': 1, 'username': 'vchambers', 'firstname': 'Jeremy', 'lastname': 'Townsend', 'email': 'kgarcia@example.com', 'password': '#P0+Uf$oDP', 'phone': '001-910-785-1048x524', 'user_status': 3}]. Header: None Params: None
2025-11-09 00:54:44.279 | DEBUG    | src.core.clients.api_client:wrapper:34 - Response from /store/inventory: 200 | {"sold":15,"placed":2,"string":516,"sold ":1,"g":4,"pending":15,"available":404,"weisskeiner1":1,"peric":1,"Unavailable":2,"Sold":1,"available, sold":1,"invalid_status":2,"available_DEV":1,"not available":1,"Available":2,"available/pending/sold. pet status in the store (string)":5}
2025-11-09 00:54:44.281 | DEBUG    | src.application.utils.api_assertions:assert_status_code:17 - Valid response for https://petstore.swagger.io/v2/store/inventory: {"sold":15,"placed":2,"string":516,"sold ":1,"g":4,"pending":15,"available":404,"weisskeiner1":1,"peric":1,"Unavailable":2,"Sold":1,"available, sold":1,"invalid_status":2,"available_DEV":1,"not available":1,"Available":2,"available/pending/sold. pet status in the store (string)":5}
2025-11-09 00:54:44.286 | DEBUG    | src.core.clients.api_client:wrapper:31 - Request PATH: /store/order/1. Body None. Header: None Params: None
2025-11-09 00:54:44.517 | DEBUG    | src.core.clients.api_client:wrapper:34 - Response from /user/marissabrowning: 404 | 
2025-11-09 00:54:44.521 | ERROR    | src.application.utils.api_assertions:assert_status_code:19 - Invalid response code: 404. Response body: 
2025-11-09 00:54:44.539 | DEBUG    | src.core.clients.api_client:wrapper:34 - Response from /user/createWithList: 200 | {"code":200,"type":"unknown","message":"ok"}
2025-11-09 00:54:44.540 | DEBUG    | src.core.clients.api_client:wrapper:34 - Response from /user/createWithList: 200 | {"code":200,"type":"unknown","message":"ok"}
2025-11-09 00:54:44.541 | DEBUG    | src.application.utils.api_assertions:assert_status_code:17 - Valid response for https://petstore.swagger.io/v2/user/createWithList: {"code":200,"type":"unknown","message":"ok"}
2025-11-09 00:54:44.542 | DEBUG    | src.application.utils.api_assertions:assert_status_code:17 - Valid response for https://petstore.swagger.io/v2/user/createWithList: {"code":200,"type":"unknown","message":"ok"}
2025-11-09 00:54:44.544 | DEBUG    | src.application.utils.api_assertions:validate_response_model:38 - Valid response model for https://petstore.swagger.io/v2/user/createWithList: {"code":200,"type":"unknown","message":"ok"}
2025-11-09 00:54:44.544 | DEBUG    | src.core.clients.api_client:wrapper:34 - Response from /store/order/1: 404 | {"code":1,"type":"error","message":"Order not found"}
2025-11-09 00:54:44.545 | DEBUG    | src.application.utils.api_assertions:validate_response_model:38 - Valid response model for https://petstore.swagger.io/v2/user/createWithList: {"code":200,"type":"unknown","message":"ok"}
2025-11-09 00:54:44.547 | ERROR    | src.application.utils.api_assertions:assert_status_code:19 - Invalid response code: 404. Response body: {"code":1,"type":"error","message":"Order not found"}
2025-11-09 00:54:44.551 | DEBUG    | src.core.clients.api_client:wrapper:31 - Request PATH: /user. Body {'id': 3496997, 'username': 'danielmann', 'firstname': 'Steve', 'lastname': 'Webb', 'email': 'leontimothy@example.net', 'password': '_NHBrQb9Z2', 'phone': '001-928-399-9450x375', 'user_status': 4}. Header: None Params: None
2025-11-09 00:54:44.816 | DEBUG    | src.core.clients.api_client:wrapper:34 - Response from /user: 200 | {"code":200,"type":"unknown","message":"3496997"}
2025-11-09 00:54:44.819 | DEBUG    | src.application.utils.api_assertions:assert_status_code:17 - Valid response for https://petstore.swagger.io/v2/user: {"code":200,"type":"unknown","message":"3496997"}
2025-11-09 00:54:44.820 | DEBUG    | src.application.utils.api_assertions:validate_response_model:38 - Valid response model for https://petstore.swagger.io/v2/user: {"code":200,"type":"unknown","message":"3496997"}
2025-11-09 00:54:44.821 | DEBUG    | src.core.clients.api_client:wrapper:31 - Request PATH: /user/danielmann. Body {'id': 3496997, 'username': 'danielmann', 'firstname': 'Steve', 'lastname': 'Webb', 'email': 'leontimothy@example.net', 'password': '_NHBrQb9Z2', 'phone': '001-928-399-9450x375', 'user_status': 4}. Header: None Params: None
2025-11-09 00:54:45.087 | DEBUG    | src.core.clients.api_client:wrapper:34 - Response from /user/danielmann: 200 | {"code":200,"type":"unknown","message":"3496997"}
2025-11-09 00:54:45.089 | DEBUG    | src.application.utils.api_assertions:assert_status_code:17 - Valid response for https://petstore.swagger.io/v2/user/danielmann: {"code":200,"type":"unknown","message":"3496997"}
2025-11-09 00:54:49.713 | DEBUG    | src.core.clients.api_client:wrapper:31 - Request PATH: /user. Body {'id': 64, 'username': 'lmurray', 'firstname': 'Stephanie', 'lastname': 'Green', 'email': 'tkennedy@example.com', 'password': '&9Xb**rP$E', 'phone': '001-504-264-9607x3388', 'user_status': 3}. Header: None Params: None
2025-11-09 00:54:49.729 | DEBUG    | src.core.clients.api_client:wrapper:31 - Request PATH: /store/order/1. Body None. Header: None Params: None
2025-11-09 00:54:50.804 | DEBUG    | src.core.clients.api_client:wrapper:34 - Response from /store/order/1: 404 | {"code":1,"type":"error","message":"Order not found"}
2025-11-09 00:54:50.807 | ERROR    | src.application.utils.api_assertions:assert_status_code:19 - Invalid response code: 404. Response body: {"code":1,"type":"error","message":"Order not found"}
2025-11-09 00:54:50.811 | DEBUG    | src.core.clients.api_client:wrapper:34 - Response from /user: 200 | {"code":200,"type":"unknown","message":"64"}
2025-11-09 00:54:50.813 | DEBUG    | src.application.utils.api_assertions:assert_status_code:17 - Valid response for https://petstore.swagger.io/v2/user: {"code":200,"type":"unknown","message":"64"}
2025-11-09 00:54:50.815 | DEBUG    | src.application.utils.api_assertions:validate_response_model:38 - Valid response model for https://petstore.swagger.io/v2/user: {"code":200,"type":"unknown","message":"64"}
2025-11-09 00:54:50.816 | DEBUG    | src.core.clients.api_client:wrapper:31 - Request PATH: /user/lmurray. Body None. Header: None Params: None
2025-11-09 00:54:51.086 | DEBUG    | src.core.clients.api_client:wrapper:34 - Response from /user/lmurray: 404 | 
2025-11-09 00:54:51.090 | ERROR    | src.application.utils.api_assertions:assert_status_code:19 - Invalid response code: 404. Response body: 
2025-11-09 00:54:55.826 | DEBUG    | src.core.clients.api_client:wrapper:31 - Request PATH: /store/order/1. Body None. Header: None Params: None
2025-11-09 00:54:56.109 | DEBUG    | src.core.clients.api_client:wrapper:31 - Request PATH: /user. Body {'id': 3, 'username': 'oowens', 'firstname': 'Tiffany', 'lastname': 'Ferguson', 'email': 'halljoseph@example.com', 'password': 'z5F7Y5Icz^', 'phone': '871.600.8410x5808', 'user_status': 1}. Header: None Params: None
2025-11-09 00:54:56.931 | DEBUG    | src.core.clients.api_client:wrapper:34 - Response from /store/order/1: 404 | {"code":1,"type":"error","message":"Order not found"}
2025-11-09 00:54:56.935 | ERROR    | src.application.utils.api_assertions:assert_status_code:19 - Invalid response code: 404. Response body: {"code":1,"type":"error","message":"Order not found"}
2025-11-09 00:54:57.166 | DEBUG    | src.core.clients.api_client:wrapper:34 - Response from /user: 200 | {"code":200,"type":"unknown","message":"3"}
2025-11-09 00:54:57.171 | DEBUG    | src.application.utils.api_assertions:assert_status_code:17 - Valid response for https://petstore.swagger.io/v2/user: {"code":200,"type":"unknown","message":"3"}
2025-11-09 00:54:57.173 | DEBUG    | src.application.utils.api_assertions:validate_response_model:38 - Valid response model for https://petstore.swagger.io/v2/user: {"code":200,"type":"unknown","message":"3"}
2025-11-09 00:54:57.173 | DEBUG    | src.core.clients.api_client:wrapper:31 - Request PATH: /user/oowens. Body None. Header: None Params: None
2025-11-09 00:54:57.432 | DEBUG    | src.core.clients.api_client:wrapper:34 - Response from /user/oowens: 404 | 
2025-11-09 00:54:57.437 | ERROR    | src.application.utils.api_assertions:assert_status_code:19 - Invalid response code: 404. Response body: 
2025-11-09 00:55:01.950 | DEBUG    | src.core.clients.api_client:wrapper:31 - Request PATH: /store/order/1. Body None. Header: None Params: None
2025-11-09 00:55:02.455 | DEBUG    | src.core.clients.api_client:wrapper:31 - Request PATH: /user. Body {'id': 55, 'username': 'adamsjohn', 'firstname': 'Sarah', 'lastname': 'Blackburn', 'email': 'znewman@example.com', 'password': 'm4VYr7vp(4', 'phone': '(235)731-0449x718', 'user_status': 3}. Header: None Params: None
2025-11-09 00:55:02.999 | DEBUG    | src.core.clients.api_client:wrapper:34 - Response from /store/order/1: 404 | {"code":1,"type":"error","message":"Order not found"}
2025-11-09 00:55:03.004 | ERROR    | src.application.utils.api_assertions:assert_status_code:19 - Invalid response code: 404. Response body: {"code":1,"type":"error","message":"Order not found"}
2025-11-09 00:55:03.531 | DEBUG    | src.core.clients.api_client:wrapper:34 - Response from /user: 200 | {"code":200,"type":"unknown","message":"55"}
2025-11-09 00:55:03.533 | DEBUG    | src.application.utils.api_assertions:assert_status_code:17 - Valid response for https://petstore.swagger.io/v2/user: {"code":200,"type":"unknown","message":"55"}
2025-11-09 00:55:03.535 | DEBUG    | src.application.utils.api_assertions:validate_response_model:38 - Valid response model for https://petstore.swagger.io/v2/user: {"code":200,"type":"unknown","message":"55"}
2025-11-09 00:55:03.536 | DEBUG    | src.core.clients.api_client:wrapper:31 - Request PATH: /user/adamsjohn. Body None. Header: None Params: None
2025-11-09 00:55:03.803 | DEBUG    | src.core.clients.api_client:wrapper:34 - Response from /user/adamsjohn: 404 | 
2025-11-09 00:55:03.808 | ERROR    | src.application.utils.api_assertions:assert_status_code:19 - Invalid response code: 404. Response body: 
2025-11-09 00:55:03.823 | DEBUG    | src.core.clients.api_client:wrapper:31 - Request PATH: /user. Body {'id': 8337, 'username': 'snewman', 'firstname': 'Jesus', 'lastname': 'Gibson', 'email': 'townsendwilliam@example.com', 'password': 'Wm03Cu50_Z', 'phone': '(556)456-5008x5521', 'user_status': 2}. Header: None Params: None
2025-11-09 00:55:04.090 | DEBUG    | src.core.clients.api_client:wrapper:34 - Response from /user: 200 | {"code":200,"type":"unknown","message":"8337"}
2025-11-09 00:55:04.094 | DEBUG    | src.application.utils.api_assertions:assert_status_code:17 - Valid response for https://petstore.swagger.io/v2/user: {"code":200,"type":"unknown","message":"8337"}
2025-11-09 00:55:04.095 | DEBUG    | src.application.utils.api_assertions:validate_response_model:38 - Valid response model for https://petstore.swagger.io/v2/user: {"code":200,"type":"unknown","message":"8337"}
2025-11-09 00:55:04.096 | DEBUG    | src.core.clients.api_client:wrapper:31 - Request PATH: /user/snewman. Body None. Header: None Params: None
2025-11-09 00:55:04.361 | DEBUG    | src.core.clients.api_client:wrapper:34 - Response from /user/snewman: 404 | {"code":1,"type":"error","message":"User not found"}
2025-11-09 00:55:04.364 | ERROR    | src.application.utils.api_assertions:assert_status_code:19 - Invalid response code: 404. Response body: {"code":1,"type":"error","message":"User not found"}
2025-11-09 00:55:09.380 | DEBUG    | src.core.clients.api_client:wrapper:31 - Request PATH: /user. Body {'id': 297, 'username': 'williamsoscar', 'firstname': 'Melissa', 'lastname': 'Harris', 'email': 'murphybradley@example.com', 'password': 'd_yM1GTRim', 'phone': '631-527-4364', 'user_status': 1}. Header: None Params: None
2025-11-09 00:55:10.446 | DEBUG    | src.core.clients.api_client:wrapper:34 - Response from /user: 200 | {"code":200,"type":"unknown","message":"297"}
2025-11-09 00:55:10.450 | DEBUG    | src.application.utils.api_assertions:assert_status_code:17 - Valid response for https://petstore.swagger.io/v2/user: {"code":200,"type":"unknown","message":"297"}
2025-11-09 00:55:10.452 | DEBUG    | src.application.utils.api_assertions:validate_response_model:38 - Valid response model for https://petstore.swagger.io/v2/user: {"code":200,"type":"unknown","message":"297"}
2025-11-09 00:55:10.452 | DEBUG    | src.core.clients.api_client:wrapper:31 - Request PATH: /user/williamsoscar. Body None. Header: None Params: None
2025-11-09 00:55:10.717 | DEBUG    | src.core.clients.api_client:wrapper:34 - Response from /user/williamsoscar: 404 | {"code":1,"type":"error","message":"User not found"}
2025-11-09 00:55:10.721 | ERROR    | src.application.utils.api_assertions:assert_status_code:19 - Invalid response code: 404. Response body: {"code":1,"type":"error","message":"User not found"}
2025-11-09 00:55:15.741 | DEBUG    | src.core.clients.api_client:wrapper:31 - Request PATH: /user. Body {'id': 122321436, 'username': 'gerald46', 'firstname': 'Christopher', 'lastname': 'Young', 'email': 'kenneth17@example.org', 'password': '+wbFvfMb&9', 'phone': '(760)369-2937x05203', 'user_status': 3}. Header: None Params: None
2025-11-09 00:55:16.831 | DEBUG    | src.core.clients.api_client:wrapper:34 - Response from /user: 200 | {"code":200,"type":"unknown","message":"122321436"}
2025-11-09 00:55:16.835 | DEBUG    | src.application.utils.api_assertions:assert_status_code:17 - Valid response for https://petstore.swagger.io/v2/user: {"code":200,"type":"unknown","message":"122321436"}
2025-11-09 00:55:16.837 | DEBUG    | src.application.utils.api_assertions:validate_response_model:38 - Valid response model for https://petstore.swagger.io/v2/user: {"code":200,"type":"unknown","message":"122321436"}
2025-11-09 00:55:16.838 | DEBUG    | src.core.clients.api_client:wrapper:31 - Request PATH: /user/gerald46. Body None. Header: None Params: None
2025-11-09 00:55:17.104 | DEBUG    | src.core.clients.api_client:wrapper:34 - Response from /user/gerald46: 404 | {"code":1,"type":"error","message":"User not found"}
2025-11-09 00:55:17.109 | ERROR    | src.application.utils.api_assertions:assert_status_code:19 - Invalid response code: 404. Response body: {"code":1,"type":"error","message":"User not found"}
2025-11-09 00:55:22.130 | DEBUG    | src.core.clients.api_client:wrapper:31 - Request PATH: /user. Body {'id': 846166454, 'username': 'janetanderson', 'firstname': 'Joseph', 'lastname': 'Jones', 'email': 'colejulie@example.net', 'password': 'd!2W0Ksq1M', 'phone': '568-932-2657x11493', 'user_status': 5}. Header: None Params: None
2025-11-09 00:55:23.184 | DEBUG    | src.core.clients.api_client:wrapper:34 - Response from /user: 200 | {"code":200,"type":"unknown","message":"846166454"}
2025-11-09 00:55:23.187 | DEBUG    | src.application.utils.api_assertions:assert_status_code:17 - Valid response for https://petstore.swagger.io/v2/user: {"code":200,"type":"unknown","message":"846166454"}
2025-11-09 00:55:23.189 | DEBUG    | src.application.utils.api_assertions:validate_response_model:38 - Valid response model for https://petstore.swagger.io/v2/user: {"code":200,"type":"unknown","message":"846166454"}
2025-11-09 00:55:23.189 | DEBUG    | src.core.clients.api_client:wrapper:31 - Request PATH: /user/janetanderson. Body None. Header: None Params: None
2025-11-09 00:55:23.448 | DEBUG    | src.core.clients.api_client:wrapper:34 - Response from /user/janetanderson: 404 | {"code":1,"type":"error","message":"User not found"}
2025-11-09 00:55:23.453 | ERROR    | src.application.utils.api_assertions:assert_status_code:19 - Invalid response code: 404. Response body: {"code":1,"type":"error","message":"User not found"}
2025-11-09 01:03:11.952 | DEBUG    | src.core.clients.api_client:wrapper:31 - Request PATH: /user. Body {'id': 887, 'username': 'jnewman', 'firstname': 'Lorraine', 'lastname': 'Ferguson', 'email': 'qsmith@example.net', 'password': '#7990HREdv', 'phone': '(987)693-2317', 'user_status': 5}. Header: None Params: None
2025-11-09 01:03:11.953 | DEBUG    | src.core.clients.api_client:wrapper:31 - Request PATH: /store/inventory. Body None. Header: None Params: None
2025-11-09 01:03:11.955 | DEBUG    | src.core.clients.api_client:wrapper:31 - Request PATH: /user. Body {'id': 586867902, 'firstname': 'Johnny', 'lastname': 'Jones', 'email': 'bensonrickey@example.org', 'password': '^LC0nmOvOj', 'phone': '349.906.1845x095', 'user_status': 5}. Header: None Params: None
2025-11-09 01:03:11.964 | DEBUG    | src.core.clients.api_client:wrapper:31 - Request PATH: /user. Body {'id': 128, 'username': 'xdavis', 'firstname': 'Michael', 'lastname': 'Chapman', 'password': 'q7LCP)Zn%3', 'phone': '001-939-766-0253x9439', 'user_status': 1}. Header: None Params: None
2025-11-09 01:03:13.081 | DEBUG    | src.core.clients.api_client:wrapper:34 - Response from /user: 200 | {"code":200,"type":"unknown","message":"128"}
2025-11-09 01:03:13.083 | DEBUG    | src.core.clients.api_client:wrapper:34 - Response from /user: 200 | {"code":200,"type":"unknown","message":"586867902"}
2025-11-09 01:03:13.085 | DEBUG    | src.application.utils.api_assertions:assert_status_code:29 - Valid response for https://petstore.swagger.io/v2/user: {"code":200,"type":"unknown","message":"128"}
2025-11-09 01:03:13.085 | DEBUG    | src.application.utils.api_assertions:assert_status_code:29 - Valid response for https://petstore.swagger.io/v2/user: {"code":200,"type":"unknown","message":"586867902"}
2025-11-09 01:03:13.088 | DEBUG    | src.application.utils.api_assertions:validate_response_model:40 - Valid response model for https://petstore.swagger.io/v2/user: {"code":200,"type":"unknown","message":"586867902"}
2025-11-09 01:03:13.088 | DEBUG    | src.application.utils.api_assertions:validate_response_model:40 - Valid response model for https://petstore.swagger.io/v2/user: {"code":200,"type":"unknown","message":"128"}
2025-11-09 01:03:13.096 | DEBUG    | src.core.clients.api_client:wrapper:31 - Request PATH: /user. Body {'id': 70396, 'username': 'brianreyes', 'firstname': 'Jessica', 'lastname': 'Kemp', 'email': 'mcfarlandchristina@example.com', 'phone': '4438093397', 'user_status': 4}. Header: None Params: None
2025-11-09 01:03:13.097 | DEBUG    | src.core.clients.api_client:wrapper:31 - Request PATH: /user/createWithList. Body [{'id': 808, 'username': 'kevinmartin', 'firstname': 'Sara', 'lastname': 'Brown', 'email': 'kmalone@example.com', 'password': '64ItqStu^Z', 'phone': '+1-512-931-8889', 'user_status': 3}]. Header: None Params: None
2025-11-09 01:03:13.098 | DEBUG    | src.core.clients.api_client:wrapper:34 - Response from /store/inventory: 200 | {"sold":14,"available11":1,"placed":2,"string":417,"pending":11,"available":526,"not available":1,"Available":2,"peric":1,"available/pending/sold. pet status in the store (string)":2}
2025-11-09 01:03:13.100 | DEBUG    | src.application.utils.api_assertions:assert_status_code:29 - Valid response for https://petstore.swagger.io/v2/store/inventory: {"sold":14,"available11":1,"placed":2,"string":417,"pending":11,"available":526,"not available":1,"Available":2,"peric":1,"available/pending/sold. pet status in the store (string)":2}
2025-11-09 01:03:13.105 | DEBUG    | src.core.clients.api_client:wrapper:31 - Request PATH: /store/order/1. Body None. Header: None Params: None
2025-11-09 01:03:13.119 | DEBUG    | src.core.clients.api_client:wrapper:34 - Response from /user: 200 | {"code":200,"type":"unknown","message":"887"}
2025-11-09 01:03:13.120 | DEBUG    | src.application.utils.api_assertions:assert_status_code:29 - Valid response for https://petstore.swagger.io/v2/user: {"code":200,"type":"unknown","message":"887"}
2025-11-09 01:03:13.123 | DEBUG    | src.application.utils.api_assertions:validate_response_model:40 - Valid response model for https://petstore.swagger.io/v2/user: {"code":200,"type":"unknown","message":"887"}
2025-11-09 01:03:13.129 | DEBUG    | src.core.clients.api_client:wrapper:31 - Request PATH: /user. Body {'username': 'smithmary', 'firstname': 'Michelle', 'lastname': 'Mckay', 'email': 'emilysullivan@example.net', 'password': 'H26sGtAd&q', 'phone': '(978)976-6795x2208', 'user_status': 1}. Header: None Params: None
2025-11-09 01:03:13.355 | DEBUG    | src.core.clients.api_client:wrapper:34 - Response from /user: 200 | {"code":200,"type":"unknown","message":"70396"}
2025-11-09 01:03:13.355 | DEBUG    | src.core.clients.api_client:wrapper:34 - Response from /user/createWithList: 200 | {"code":200,"type":"unknown","message":"ok"}
2025-11-09 01:03:13.358 | DEBUG    | src.application.utils.api_assertions:assert_status_code:29 - Valid response for https://petstore.swagger.io/v2/user/createWithList: {"code":200,"type":"unknown","message":"ok"}
2025-11-09 01:03:13.359 | DEBUG    | src.application.utils.api_assertions:assert_status_code:29 - Valid response for https://petstore.swagger.io/v2/user: {"code":200,"type":"unknown","message":"70396"}
2025-11-09 01:03:13.360 | DEBUG    | src.application.utils.api_assertions:validate_response_model:40 - Valid response model for https://petstore.swagger.io/v2/user/createWithList: {"code":200,"type":"unknown","message":"ok"}
2025-11-09 01:03:13.361 | DEBUG    | src.application.utils.api_assertions:validate_response_model:40 - Valid response model for https://petstore.swagger.io/v2/user: {"code":200,"type":"unknown","message":"70396"}
2025-11-09 01:03:13.369 | DEBUG    | src.core.clients.api_client:wrapper:31 - Request PATH: /user/createWithList. Body [{'id': 3948, 'username': 'welliott', 'firstname': 'Steven', 'lastname': 'Osborn', 'email': 'iwalton@example.org', 'password': 'v%l1wQk1I9', 'phone': '(479)616-9478', 'user_status': 5}, {'id': 104529, 'username': 'qsmith', 'firstname': 'Dylan', 'lastname': 'Savage', 'email': 'michaelgonzalez@example.com', 'password': '(3m(fHYh&7', 'phone': '785.944.0942x417', 'user_status': 1}]. Header: None Params: None
2025-11-09 01:03:13.369 | DEBUG    | src.core.clients.api_client:wrapper:34 - Response from /store/order/1: 404 | {"code":1,"type":"error","message":"Order not found"}
2025-11-09 01:03:13.371 | DEBUG    | src.core.clients.api_client:wrapper:31 - Request PATH: /user/createWithList. Body [{'id': 961, 'username': 'bentleygabriela', 'firstname': 'Daniel', 'lastname': 'Caldwell', 'email': 'harriskevin@example.com', 'password': '&rIBx2ZgWg', 'phone': '+1-211-784-9968x6235', 'user_status': 1}, {'id': 3, 'username': 'taylorgabriel', 'firstname': 'Meredith', 'lastname': 'Nixon', 'email': 'courtneydunn@example.net', 'password': '_pNHz&Utb5', 'phone': '+1-919-607-3559x88015', 'user_status': 5}, {'id': 6612170, 'username': 'brandon47', 'firstname': 'Michele', 'lastname': 'Larsen', 'email': 'michelechan@example.org', 'password': 'RAUp$bu@!2', 'phone': '371-301-1063x62350', 'user_status': 4}, {'id': 20, 'username': 'kwood', 'firstname': 'Krystal', 'lastname': 'Young', 'email': 'fduran@example.com', 'password': 'n37Jkd#eO!', 'phone': '(792)280-8704x73807', 'user_status': 4}, {'id': 0, 'username': 'stacy09', 'firstname': 'Anthony', 'lastname': 'Sullivan', 'email': 'copelandtyler@example.com', 'password': 'Z%3IBUac!o', 'phone': '001-878-579-1496x2719', 'user_status': 5}, {'id': 7029, 'username': 'wheelerlinda', 'firstname': 'Jackie', 'lastname': 'Anderson', 'email': 'conwayrebecca@example.org', 'password': '7x@1AqvU@p', 'phone': '+1-916-642-0494x43775', 'user_status': 2}, {'id': 4, 'username': 'sharonferrell', 'firstname': 'Stephen', 'lastname': 'Barnett', 'email': 'austin55@example.com', 'password': '+2@Ya@C)5j', 'phone': '(463)287-5182', 'user_status': 4}, {'id': 37031102, 'username': 'ppatel', 'firstname': 'Christopher', 'lastname': 'Johnson', 'email': 'jason98@example.com', 'password': '18ZsAVjW*6', 'phone': '001-992-486-7499', 'user_status': 1}, {'id': 924791843, 'username': 'osbornesean', 'firstname': 'Erin', 'lastname': 'Donaldson', 'email': 'smoore@example.org', 'password': 'GB_QV6Gaz!', 'phone': '(654)439-0623x722', 'user_status': 3}, {'id': 749658, 'username': 'youngcassandra', 'firstname': 'Patrick', 'lastname': 'Johnson', 'email': 'zacharyadams@example.net', 'password': 'uQ0zYYk@)q', 'phone': '001-319-483-4488', 'user_status': 4}]. Header: None Params: None
2025-11-09 01:03:13.372 | ERROR    | src.application.utils.api_assertions:assert_status_code:31 - Invalid response code: 404. Response body: {"code":1,"type":"error","message":"Order not found"}
2025-11-09 01:03:13.402 | DEBUG    | src.core.clients.api_client:wrapper:34 - Response from /user: 200 | {"code":200,"type":"unknown","message":"9223372036854770390"}
2025-11-09 01:03:13.404 | DEBUG    | src.application.utils.api_assertions:assert_status_code:29 - Valid response for https://petstore.swagger.io/v2/user: {"code":200,"type":"unknown","message":"9223372036854770390"}
2025-11-09 01:03:13.406 | DEBUG    | src.application.utils.api_assertions:validate_response_model:40 - Valid response model for https://petstore.swagger.io/v2/user: {"code":200,"type":"unknown","message":"9223372036854770390"}
2025-11-09 01:03:13.412 | DEBUG    | src.core.clients.api_client:wrapper:31 - Request PATH: /user/Noname. Body None. Header: None Params: None
2025-11-09 01:03:13.629 | DEBUG    | src.core.clients.api_client:wrapper:34 - Response from /user/createWithList: 200 | {"code":200,"type":"unknown","message":"ok"}
2025-11-09 01:03:13.632 | DEBUG    | src.application.utils.api_assertions:assert_status_code:29 - Valid response for https://petstore.swagger.io/v2/user/createWithList: {"code":200,"type":"unknown","message":"ok"}
2025-11-09 01:03:13.632 | DEBUG    | src.application.utils.api_assertions:assert_status_code:29 - Valid response for https://petstore.swagger.io/v2/user/createWithList: {"code":200,"type":"unknown","message":"ok"}
2025-11-09 01:03:13.634 | DEBUG    | src.application.utils.api_assertions:validate_response_model:40 - Valid response model for https://petstore.swagger.io/v2/user/createWithList: {"code":200,"type":"unknown","message":"ok"}
2025-11-09 01:03:13.634 | DEBUG    | src.application.utils.api_assertions:validate_response_model:40 - Valid response model for https://petstore.swagger.io/v2/user/createWithList: {"code":200,"type":"unknown","message":"ok"}
2025-11-09 01:03:13.641 | DEBUG    | src.core.clients.api_client:wrapper:31 - Request PATH: /user/Not existing user. Body None. Header: None Params: None
2025-11-09 01:03:13.641 | DEBUG    | src.core.clients.api_client:wrapper:31 - Request PATH: /user. Body {'id': 208629794, 'username': 'njennings', 'firstname': 'Amber', 'lastname': 'Moses', 'email': 'janetdonovan@example.com', 'password': '9FV$%Z@a)r', 'phone': '593-917-5061x2977', 'user_status': 1}. Header: None Params: None
2025-11-09 01:03:13.675 | DEBUG    | src.core.clients.api_client:wrapper:34 - Response from /user/Noname: 404 | 
2025-11-09 01:03:13.677 | DEBUG    | src.application.utils.api_assertions:assert_status_code:29 - Valid response for https://petstore.swagger.io/v2/user/Noname: 
2025-11-09 01:03:13.682 | DEBUG    | src.core.clients.api_client:wrapper:31 - Request PATH: /user. Body {'id': 4, 'username': 'jessicaortiz', 'firstname': 'Ellen', 'lastname': 'Neal', 'email': 'patriciabeard@example.org', 'password': ')Q)Z9Va8B_', 'phone': '214-598-8700x453', 'user_status': 1}. Header: None Params: None
2025-11-09 01:03:13.899 | DEBUG    | src.core.clients.api_client:wrapper:34 - Response from /user/Not existing user: 404 | {"code":1,"type":"error","message":"User not found"}
2025-11-09 01:03:13.901 | DEBUG    | src.application.utils.api_assertions:assert_status_code:29 - Valid response for https://petstore.swagger.io/v2/user/Not%20existing%20user: {"code":1,"type":"error","message":"User not found"}
2025-11-09 01:03:13.903 | DEBUG    | src.application.utils.api_assertions:validate_response_model:40 - Valid response model for https://petstore.swagger.io/v2/user/Not%20existing%20user: {"code":1,"type":"error","message":"User not found"}
2025-11-09 01:03:13.904 | DEBUG    | src.core.clients.api_client:wrapper:34 - Response from /user: 200 | {"code":200,"type":"unknown","message":"208629794"}
2025-11-09 01:03:13.907 | DEBUG    | src.application.utils.api_assertions:assert_status_code:29 - Valid response for https://petstore.swagger.io/v2/user: {"code":200,"type":"unknown","message":"208629794"}
2025-11-09 01:03:13.910 | DEBUG    | src.application.utils.api_assertions:validate_response_model:40 - Valid response model for https://petstore.swagger.io/v2/user: {"code":200,"type":"unknown","message":"208629794"}
2025-11-09 01:03:13.911 | DEBUG    | src.core.clients.api_client:wrapper:31 - Request PATH: /user/njennings. Body None. Header: None Params: None
2025-11-09 01:03:13.951 | DEBUG    | src.core.clients.api_client:wrapper:34 - Response from /user: 200 | {"code":200,"type":"unknown","message":"4"}
2025-11-09 01:03:13.954 | DEBUG    | src.application.utils.api_assertions:assert_status_code:29 - Valid response for https://petstore.swagger.io/v2/user: {"code":200,"type":"unknown","message":"4"}
2025-11-09 01:03:13.955 | DEBUG    | src.application.utils.api_assertions:validate_response_model:40 - Valid response model for https://petstore.swagger.io/v2/user: {"code":200,"type":"unknown","message":"4"}
2025-11-09 01:03:13.956 | DEBUG    | src.core.clients.api_client:wrapper:31 - Request PATH: /user/jessicaortiz. Body {'id': 4, 'username': 'jessicaortiz', 'firstname': 'Ellen', 'lastname': 'Neal', 'email': 'patriciabeard@example.org', 'password': ')Q)Z9Va8B_', 'phone': '214-598-8700x453', 'user_status': 1}. Header: None Params: None
2025-11-09 01:03:14.168 | DEBUG    | src.core.clients.api_client:wrapper:34 - Response from /user/njennings: 404 | {"code":1,"type":"error","message":"User not found"}
2025-11-09 01:03:14.172 | ERROR    | src.application.utils.api_assertions:assert_status_code:31 - Invalid response code: 404. Response body: {"code":1,"type":"error","message":"User not found"}
2025-11-09 01:03:14.220 | DEBUG    | src.core.clients.api_client:wrapper:34 - Response from /user/jessicaortiz: 200 | {"code":200,"type":"unknown","message":"4"}
2025-11-09 01:03:14.222 | DEBUG    | src.application.utils.api_assertions:assert_status_code:29 - Valid response for https://petstore.swagger.io/v2/user/jessicaortiz: {"code":200,"type":"unknown","message":"4"}
2025-11-09 01:03:18.536 | DEBUG    | src.core.clients.api_client:wrapper:31 - Request PATH: /store/order/1. Body None. Header: None Params: None
2025-11-09 01:03:19.344 | DEBUG    | src.core.clients.api_client:wrapper:31 - Request PATH: /user. Body {'id': 393, 'username': 'pvillarreal', 'firstname': 'Sheila', 'lastname': 'Contreras', 'email': 'allenjohn@example.org', 'password': '7N@FajXl$x', 'phone': '241-762-7646x76644', 'user_status': 4}. Header: None Params: None
2025-11-09 01:03:19.607 | DEBUG    | src.core.clients.api_client:wrapper:34 - Response from /store/order/1: 404 | {"code":1,"type":"error","message":"Order not found"}
2025-11-09 01:03:19.611 | ERROR    | src.application.utils.api_assertions:assert_status_code:31 - Invalid response code: 404. Response body: {"code":1,"type":"error","message":"Order not found"}
2025-11-09 01:03:20.401 | DEBUG    | src.core.clients.api_client:wrapper:34 - Response from /user: 200 | {"code":200,"type":"unknown","message":"393"}
2025-11-09 01:03:20.405 | DEBUG    | src.application.utils.api_assertions:assert_status_code:29 - Valid response for https://petstore.swagger.io/v2/user: {"code":200,"type":"unknown","message":"393"}
2025-11-09 01:03:20.406 | DEBUG    | src.application.utils.api_assertions:validate_response_model:40 - Valid response model for https://petstore.swagger.io/v2/user: {"code":200,"type":"unknown","message":"393"}
2025-11-09 01:03:20.407 | DEBUG    | src.core.clients.api_client:wrapper:31 - Request PATH: /user/pvillarreal. Body None. Header: None Params: None
2025-11-09 01:03:20.670 | DEBUG    | src.core.clients.api_client:wrapper:34 - Response from /user/pvillarreal: 404 | {"code":1,"type":"error","message":"User not found"}
2025-11-09 01:03:20.673 | ERROR    | src.application.utils.api_assertions:assert_status_code:31 - Invalid response code: 404. Response body: {"code":1,"type":"error","message":"User not found"}
2025-11-09 01:03:24.628 | DEBUG    | src.core.clients.api_client:wrapper:31 - Request PATH: /store/order/1. Body None. Header: None Params: None
2025-11-09 01:03:25.682 | DEBUG    | src.core.clients.api_client:wrapper:34 - Response from /store/order/1: 404 | {"code":1,"type":"error","message":"Order not found"}
2025-11-09 01:03:25.684 | ERROR    | src.application.utils.api_assertions:assert_status_code:31 - Invalid response code: 404. Response body: {"code":1,"type":"error","message":"Order not found"}
2025-11-09 01:03:25.691 | DEBUG    | src.core.clients.api_client:wrapper:31 - Request PATH: /user. Body {'id': 8, 'username': 'jjarvis', 'firstname': 'Elizabeth', 'lastname': 'Sims', 'email': 'sanderson@example.com', 'password': '(HcI^ofAf4', 'phone': '001-201-478-9158', 'user_status': 4}. Header: None Params: None
2025-11-09 01:03:26.766 | DEBUG    | src.core.clients.api_client:wrapper:34 - Response from /user: 200 | {"code":200,"type":"unknown","message":"8"}
2025-11-09 01:03:26.770 | DEBUG    | src.application.utils.api_assertions:assert_status_code:29 - Valid response for https://petstore.swagger.io/v2/user: {"code":200,"type":"unknown","message":"8"}
2025-11-09 01:03:26.772 | DEBUG    | src.application.utils.api_assertions:validate_response_model:40 - Valid response model for https://petstore.swagger.io/v2/user: {"code":200,"type":"unknown","message":"8"}
2025-11-09 01:03:26.772 | DEBUG    | src.core.clients.api_client:wrapper:31 - Request PATH: /user/jjarvis. Body None. Header: None Params: None
2025-11-09 01:03:27.036 | DEBUG    | src.core.clients.api_client:wrapper:34 - Response from /user/jjarvis: 404 | {"code":1,"type":"error","message":"User not found"}
2025-11-09 01:03:27.040 | ERROR    | src.application.utils.api_assertions:assert_status_code:31 - Invalid response code: 404. Response body: {"code":1,"type":"error","message":"User not found"}
2025-11-09 01:03:30.700 | DEBUG    | src.core.clients.api_client:wrapper:31 - Request PATH: /store/order/1. Body None. Header: None Params: None
2025-11-09 01:03:31.753 | DEBUG    | src.core.clients.api_client:wrapper:34 - Response from /store/order/1: 404 | {"code":1,"type":"error","message":"Order not found"}
2025-11-09 01:03:31.756 | ERROR    | src.application.utils.api_assertions:assert_status_code:31 - Invalid response code: 404. Response body: {"code":1,"type":"error","message":"Order not found"}
2025-11-09 01:03:31.946 | DEBUG    | src.core.clients.api_client:wrapper:31 - Request PATH: /user. Body {'id': 88, 'username': 'smurphy', 'firstname': 'Annette', 'lastname': 'Hodge', 'email': 'doris57@example.net', 'password': '!Qi*iKxHI7', 'phone': '271.321.0539x3410', 'user_status': 2}. Header: None Params: None
2025-11-09 01:03:32.057 | DEBUG    | src.core.clients.api_client:wrapper:31 - Request PATH: /user. Body {'id': 2, 'username': 'nvargas', 'firstname': 'Glenda', 'lastname': 'Weaver', 'email': 'annette48@example.com', 'password': '&)1Wlq3JUV', 'phone': '610.926.8889x815', 'user_status': 1}. Header: None Params: None
2025-11-09 01:03:33.013 | DEBUG    | src.core.clients.api_client:wrapper:34 - Response from /user: 200 | {"code":200,"type":"unknown","message":"88"}
2025-11-09 01:03:33.016 | DEBUG    | src.application.utils.api_assertions:assert_status_code:29 - Valid response for https://petstore.swagger.io/v2/user: {"code":200,"type":"unknown","message":"88"}
2025-11-09 01:03:33.018 | DEBUG    | src.application.utils.api_assertions:validate_response_model:40 - Valid response model for https://petstore.swagger.io/v2/user: {"code":200,"type":"unknown","message":"88"}
2025-11-09 01:03:33.019 | DEBUG    | src.core.clients.api_client:wrapper:31 - Request PATH: /user/smurphy. Body None. Header: None Params: None
2025-11-09 01:03:33.085 | DEBUG    | src.core.clients.api_client:wrapper:34 - Response from /user: 200 | {"code":200,"type":"unknown","message":"2"}
2025-11-09 01:03:33.088 | DEBUG    | src.application.utils.api_assertions:assert_status_code:29 - Valid response for https://petstore.swagger.io/v2/user: {"code":200,"type":"unknown","message":"2"}
2025-11-09 01:03:33.089 | DEBUG    | src.application.utils.api_assertions:validate_response_model:40 - Valid response model for https://petstore.swagger.io/v2/user: {"code":200,"type":"unknown","message":"2"}
2025-11-09 01:03:33.090 | DEBUG    | src.core.clients.api_client:wrapper:31 - Request PATH: /user/nvargas. Body None. Header: None Params: None
2025-11-09 01:03:33.282 | DEBUG    | src.core.clients.api_client:wrapper:34 - Response from /user/smurphy: 404 | 
2025-11-09 01:03:33.286 | ERROR    | src.application.utils.api_assertions:assert_status_code:31 - Invalid response code: 404. Response body: 
2025-11-09 01:03:33.349 | DEBUG    | src.core.clients.api_client:wrapper:34 - Response from /user/nvargas: 404 | {"code":1,"type":"error","message":"User not found"}
2025-11-09 01:03:33.354 | ERROR    | src.application.utils.api_assertions:assert_status_code:31 - Invalid response code: 404. Response body: {"code":1,"type":"error","message":"User not found"}
2025-11-09 01:03:38.306 | DEBUG    | src.core.clients.api_client:wrapper:31 - Request PATH: /user. Body {'id': 6053878, 'username': 'myersdaniel', 'firstname': 'Melvin', 'lastname': 'Rubio', 'email': 'brandilong@example.org', 'password': ')9s*X0Ht&m', 'phone': '(257)547-1252', 'user_status': 5}. Header: None Params: None
2025-11-09 01:03:39.354 | DEBUG    | src.core.clients.api_client:wrapper:34 - Response from /user: 200 | {"code":200,"type":"unknown","message":"6053878"}
2025-11-09 01:03:39.357 | DEBUG    | src.application.utils.api_assertions:assert_status_code:29 - Valid response for https://petstore.swagger.io/v2/user: {"code":200,"type":"unknown","message":"6053878"}
2025-11-09 01:03:39.359 | DEBUG    | src.application.utils.api_assertions:validate_response_model:40 - Valid response model for https://petstore.swagger.io/v2/user: {"code":200,"type":"unknown","message":"6053878"}
2025-11-09 01:03:39.360 | DEBUG    | src.core.clients.api_client:wrapper:31 - Request PATH: /user/myersdaniel. Body None. Header: None Params: None
2025-11-09 01:03:39.618 | DEBUG    | src.core.clients.api_client:wrapper:34 - Response from /user/myersdaniel: 404 | 
2025-11-09 01:03:39.622 | ERROR    | src.application.utils.api_assertions:assert_status_code:31 - Invalid response code: 404. Response body: 
2025-11-09 01:03:44.640 | DEBUG    | src.core.clients.api_client:wrapper:31 - Request PATH: /user. Body {'id': 48441, 'username': 'aliciadelgado', 'firstname': 'Vincent', 'lastname': 'Murphy', 'email': 'ffarley@example.net', 'password': 'B2g$Te8j(9', 'phone': '400.592.8174x65546', 'user_status': 2}. Header: None Params: None
2025-11-09 01:03:45.709 | DEBUG    | src.core.clients.api_client:wrapper:34 - Response from /user: 200 | {"code":200,"type":"unknown","message":"48441"}
2025-11-09 01:03:45.713 | DEBUG    | src.application.utils.api_assertions:assert_status_code:29 - Valid response for https://petstore.swagger.io/v2/user: {"code":200,"type":"unknown","message":"48441"}
2025-11-09 01:03:45.715 | DEBUG    | src.application.utils.api_assertions:validate_response_model:40 - Valid response model for https://petstore.swagger.io/v2/user: {"code":200,"type":"unknown","message":"48441"}
2025-11-09 01:03:45.715 | DEBUG    | src.core.clients.api_client:wrapper:31 - Request PATH: /user/aliciadelgado. Body None. Header: None Params: None
2025-11-09 01:03:45.979 | DEBUG    | src.core.clients.api_client:wrapper:34 - Response from /user/aliciadelgado: 404 | 
2025-11-09 01:03:45.983 | ERROR    | src.application.utils.api_assertions:assert_status_code:31 - Invalid response code: 404. Response body: 
2025-11-09 01:03:51.002 | DEBUG    | src.core.clients.api_client:wrapper:31 - Request PATH: /user. Body {'id': 9, 'username': 'vrivera', 'firstname': 'Dillon', 'lastname': 'Moyer', 'email': 'martinezmatthew@example.net', 'password': '^9&$N5f_#9', 'phone': '001-689-380-1062x77462', 'user_status': 1}. Header: None Params: None
2025-11-09 01:03:52.050 | DEBUG    | src.core.clients.api_client:wrapper:34 - Response from /user: 200 | {"code":200,"type":"unknown","message":"9"}
2025-11-09 01:03:52.053 | DEBUG    | src.application.utils.api_assertions:assert_status_code:29 - Valid response for https://petstore.swagger.io/v2/user: {"code":200,"type":"unknown","message":"9"}
2025-11-09 01:03:52.055 | DEBUG    | src.application.utils.api_assertions:validate_response_model:40 - Valid response model for https://petstore.swagger.io/v2/user: {"code":200,"type":"unknown","message":"9"}
2025-11-09 01:03:52.056 | DEBUG    | src.core.clients.api_client:wrapper:31 - Request PATH: /user/vrivera. Body None. Header: None Params: None
2025-11-09 01:03:52.391 | DEBUG    | src.core.clients.api_client:wrapper:34 - Response from /user/vrivera: 404 | 
2025-11-09 01:03:52.394 | ERROR    | src.application.utils.api_assertions:assert_status_code:31 - Invalid response code: 404. Response body: 
2025-11-09 01:05:44.811 | DEBUG    | src.core.clients.api_client:wrapper:31 - Request PATH: /user. Body {'id': 61021412, 'username': 'vporter', 'firstname': 'Lynn', 'lastname': 'Brown', 'password': 'R_8Yf+SCe$', 'phone': '2262188287', 'user_status': 5}. Header: None Params: None
2025-11-09 01:05:44.813 | DEBUG    | src.core.clients.api_client:wrapper:31 - Request PATH: /user. Body {'id': 44, 'firstname': 'James', 'lastname': 'Jones', 'email': 'rbaker@example.net', 'password': '$L_&Vhw_q1', 'phone': '312-313-7233x32085', 'user_status': 2}. Header: None Params: None
2025-11-09 01:05:44.817 | DEBUG    | src.core.clients.api_client:wrapper:31 - Request PATH: /user. Body {'id': 3612705, 'username': 'mullinstyler', 'firstname': 'Michelle', 'lastname': 'Ferguson', 'email': 'christopher63@example.org', 'password': '*L(PHw9qo0', 'phone': '+1-647-940-6020x4361', 'user_status': 3}. Header: None Params: None
2025-11-09 01:05:44.820 | DEBUG    | src.core.clients.api_client:wrapper:31 - Request PATH: /store/inventory. Body None. Header: None Params: None
2025-11-09 01:05:45.948 | DEBUG    | src.core.clients.api_client:wrapper:34 - Response from /user: 200 | {"code":200,"type":"unknown","message":"3612705"}
2025-11-09 01:05:45.952 | DEBUG    | src.application.utils.api_assertions:assert_status_code:29 - Valid response for https://petstore.swagger.io/v2/user: {"code":200,"type":"unknown","message":"3612705"}
2025-11-09 01:05:45.953 | DEBUG    | src.application.utils.api_assertions:validate_response_model:40 - Valid response model for https://petstore.swagger.io/v2/user: {"code":200,"type":"unknown","message":"3612705"}
2025-11-09 01:05:45.961 | DEBUG    | src.core.clients.api_client:wrapper:31 - Request PATH: /user. Body {'username': 'orichardson', 'firstname': 'Julian', 'lastname': 'Mack', 'email': 'colton74@example.com', 'password': '$h6kuBCxQR', 'phone': '4514204128', 'user_status': 3}. Header: None Params: None
2025-11-09 01:05:45.975 | DEBUG    | src.core.clients.api_client:wrapper:34 - Response from /store/inventory: 200 | {"sold":10,"placed":2,"string":382,"invalid_status":1,"pending":13,"available":564,"weisskeiner1":1,"Available":2,"peric":1,"Unavailable":2,"available/pending/sold. pet status in the store (string)":2}
2025-11-09 01:05:45.976 | DEBUG    | src.core.clients.api_client:wrapper:34 - Response from /user: 200 | {"code":200,"type":"unknown","message":"61021412"}
2025-11-09 01:05:45.976 | DEBUG    | src.core.clients.api_client:wrapper:34 - Response from /user: 200 | {"code":200,"type":"unknown","message":"44"}
2025-11-09 01:05:45.979 | DEBUG    | src.application.utils.api_assertions:assert_status_code:29 - Valid response for https://petstore.swagger.io/v2/store/inventory: {"sold":10,"placed":2,"string":382,"invalid_status":1,"pending":13,"available":564,"weisskeiner1":1,"Available":2,"peric":1,"Unavailable":2,"available/pending/sold. pet status in the store (string)":2}
2025-11-09 01:05:45.980 | DEBUG    | src.application.utils.api_assertions:assert_status_code:29 - Valid response for https://petstore.swagger.io/v2/user: {"code":200,"type":"unknown","message":"61021412"}
2025-11-09 01:05:45.980 | DEBUG    | src.application.utils.api_assertions:assert_status_code:29 - Valid response for https://petstore.swagger.io/v2/user: {"code":200,"type":"unknown","message":"44"}
2025-11-09 01:05:45.983 | DEBUG    | src.application.utils.api_assertions:validate_response_model:40 - Valid response model for https://petstore.swagger.io/v2/user: {"code":200,"type":"unknown","message":"61021412"}
2025-11-09 01:05:45.983 | DEBUG    | src.application.utils.api_assertions:validate_response_model:40 - Valid response model for https://petstore.swagger.io/v2/user: {"code":200,"type":"unknown","message":"44"}
2025-11-09 01:05:45.986 | DEBUG    | src.core.clients.api_client:wrapper:31 - Request PATH: /store/order/1. Body None. Header: None Params: None
2025-11-09 01:05:45.990 | DEBUG    | src.core.clients.api_client:wrapper:31 - Request PATH: /user. Body {'id': 5265487, 'username': 'dmiles', 'firstname': 'Kelly', 'lastname': 'Anderson', 'email': 'victoria37@example.org', 'phone': '521-416-9035x65547', 'user_status': 4}. Header: None Params: None
2025-11-09 01:05:45.990 | DEBUG    | src.core.clients.api_client:wrapper:31 - Request PATH: /user/createWithList. Body [{'id': 22, 'username': 'kleinmadison', 'firstname': 'Ashley', 'lastname': 'Webb', 'email': 'jessicajohnston@example.org', 'password': '7*VWL*1Y)o', 'phone': '759-951-0374x70599', 'user_status': 1}]. Header: None Params: None
2025-11-09 01:05:46.221 | DEBUG    | src.core.clients.api_client:wrapper:34 - Response from /user: 200 | {"code":200,"type":"unknown","message":"9223372036854770412"}
2025-11-09 01:05:46.225 | DEBUG    | src.application.utils.api_assertions:assert_status_code:29 - Valid response for https://petstore.swagger.io/v2/user: {"code":200,"type":"unknown","message":"9223372036854770412"}
2025-11-09 01:05:46.227 | DEBUG    | src.application.utils.api_assertions:validate_response_model:40 - Valid response model for https://petstore.swagger.io/v2/user: {"code":200,"type":"unknown","message":"9223372036854770412"}
2025-11-09 01:05:46.233 | DEBUG    | src.core.clients.api_client:wrapper:31 - Request PATH: /user/createWithList. Body [{'id': 594378525, 'username': 'christine34', 'firstname': 'Andrew', 'lastname': 'Chase', 'email': 'nicole53@example.net', 'password': '2!2EQgtzw8', 'phone': '4543026971', 'user_status': 4}, {'id': 5913231, 'username': 'fjensen', 'firstname': 'Peter', 'lastname': 'King', 'email': 'lewisamy@example.net', 'password': '5p@tOKwS_4', 'phone': '(747)229-7899x6043', 'user_status': 4}]. Header: None Params: None
2025-11-09 01:05:46.251 | DEBUG    | src.core.clients.api_client:wrapper:34 - Response from /store/order/1: 404 | {"code":1,"type":"error","message":"Order not found"}
2025-11-09 01:05:46.254 | DEBUG    | src.core.clients.api_client:wrapper:34 - Response from /user/createWithList: 200 | {"code":200,"type":"unknown","message":"ok"}
2025-11-09 01:05:46.255 | ERROR    | src.application.utils.api_assertions:assert_status_code:31 - Invalid response code: 404. Response body: {"code":1,"type":"error","message":"Order not found"}
2025-11-09 01:05:46.257 | DEBUG    | src.application.utils.api_assertions:assert_status_code:29 - Valid response for https://petstore.swagger.io/v2/user/createWithList: {"code":200,"type":"unknown","message":"ok"}
2025-11-09 01:05:46.257 | DEBUG    | src.core.clients.api_client:wrapper:34 - Response from /user: 200 | {"code":200,"type":"unknown","message":"5265487"}
2025-11-09 01:05:46.258 | DEBUG    | src.application.utils.api_assertions:validate_response_model:40 - Valid response model for https://petstore.swagger.io/v2/user/createWithList: {"code":200,"type":"unknown","message":"ok"}
2025-11-09 01:05:46.259 | DEBUG    | src.application.utils.api_assertions:assert_status_code:29 - Valid response for https://petstore.swagger.io/v2/user: {"code":200,"type":"unknown","message":"5265487"}
2025-11-09 01:05:46.261 | DEBUG    | src.application.utils.api_assertions:validate_response_model:40 - Valid response model for https://petstore.swagger.io/v2/user: {"code":200,"type":"unknown","message":"5265487"}
2025-11-09 01:05:46.265 | DEBUG    | src.core.clients.api_client:wrapper:31 - Request PATH: /user. Body {'id': 5848, 'username': 'tony36', 'firstname': 'Andrew', 'lastname': 'Vincent', 'email': 'donnasmith@example.com', 'password': '^*JbVTrF^1', 'phone': '(239)233-6820x89284', 'user_status': 5}. Header: None Params: None
2025-11-09 01:05:46.267 | DEBUG    | src.core.clients.api_client:wrapper:31 - Request PATH: /user/Noname. Body None. Header: None Params: None
2025-11-09 01:05:46.515 | DEBUG    | src.core.clients.api_client:wrapper:34 - Response from /user/createWithList: 200 | {"code":200,"type":"unknown","message":"ok"}
2025-11-09 01:05:46.518 | DEBUG    | src.application.utils.api_assertions:assert_status_code:29 - Valid response for https://petstore.swagger.io/v2/user/createWithList: {"code":200,"type":"unknown","message":"ok"}
2025-11-09 01:05:46.520 | DEBUG    | src.application.utils.api_assertions:validate_response_model:40 - Valid response model for https://petstore.swagger.io/v2/user/createWithList: {"code":200,"type":"unknown","message":"ok"}
2025-11-09 01:05:46.526 | DEBUG    | src.core.clients.api_client:wrapper:31 - Request PATH: /user. Body {'id': 70583, 'username': 'matthewblair', 'firstname': 'John', 'lastname': 'Smith', 'email': 'heather53@example.com', 'password': '!@2B1YmCw3', 'phone': '227.285.9890x56129', 'user_status': 3}. Header: None Params: None
2025-11-09 01:05:46.529 | DEBUG    | src.core.clients.api_client:wrapper:34 - Response from /user: 200 | {"code":200,"type":"unknown","message":"5848"}
2025-11-09 01:05:46.531 | DEBUG    | src.application.utils.api_assertions:assert_status_code:29 - Valid response for https://petstore.swagger.io/v2/user: {"code":200,"type":"unknown","message":"5848"}
2025-11-09 01:05:46.533 | DEBUG    | src.application.utils.api_assertions:validate_response_model:40 - Valid response model for https://petstore.swagger.io/v2/user: {"code":200,"type":"unknown","message":"5848"}
2025-11-09 01:05:46.533 | DEBUG    | src.core.clients.api_client:wrapper:34 - Response from /user/Noname: 404 | 
2025-11-09 01:05:46.535 | DEBUG    | src.application.utils.api_assertions:assert_status_code:29 - Valid response for https://petstore.swagger.io/v2/user/Noname: 
2025-11-09 01:05:46.540 | DEBUG    | src.core.clients.api_client:wrapper:31 - Request PATH: /user. Body {'id': 597872708, 'username': 'alicia88', 'firstname': 'Helen', 'lastname': 'Schneider', 'email': 'walterscynthia@example.org', 'password': 'F24wdLEr#8', 'phone': '001-800-217-7565x5804', 'user_status': 3}. Header: None Params: None
2025-11-09 01:05:46.786 | DEBUG    | src.core.clients.api_client:wrapper:34 - Response from /user: 200 | {"code":200,"type":"unknown","message":"70583"}
2025-11-09 01:05:46.789 | DEBUG    | src.application.utils.api_assertions:assert_status_code:29 - Valid response for https://petstore.swagger.io/v2/user: {"code":200,"type":"unknown","message":"70583"}
2025-11-09 01:05:46.790 | DEBUG    | src.application.utils.api_assertions:validate_response_model:40 - Valid response model for https://petstore.swagger.io/v2/user: {"code":200,"type":"unknown","message":"70583"}
2025-11-09 01:05:46.808 | DEBUG    | src.core.clients.api_client:wrapper:34 - Response from /user: 200 | {"code":200,"type":"unknown","message":"597872708"}
2025-11-09 01:05:46.810 | DEBUG    | src.application.utils.api_assertions:assert_status_code:29 - Valid response for https://petstore.swagger.io/v2/user: {"code":200,"type":"unknown","message":"597872708"}
2025-11-09 01:05:46.812 | DEBUG    | src.application.utils.api_assertions:validate_response_model:40 - Valid response model for https://petstore.swagger.io/v2/user: {"code":200,"type":"unknown","message":"597872708"}
2025-11-09 01:05:51.420 | DEBUG    | src.core.clients.api_client:wrapper:31 - Request PATH: /store/order/1. Body None. Header: None Params: None
2025-11-09 01:05:52.453 | DEBUG    | src.core.clients.api_client:wrapper:34 - Response from /store/order/1: 404 | {"code":1,"type":"error","message":"Order not found"}
2025-11-09 01:05:52.457 | ERROR    | src.application.utils.api_assertions:assert_status_code:31 - Invalid response code: 404. Response body: {"code":1,"type":"error","message":"Order not found"}
2025-11-09 01:05:56.534 | DEBUG    | src.core.clients.api_client:wrapper:31 - Request PATH: /user/tony36. Body None. Header: None Params: None
2025-11-09 01:05:56.792 | DEBUG    | src.core.clients.api_client:wrapper:31 - Request PATH: /user/matthewblair. Body None. Header: None Params: None
2025-11-09 01:05:56.814 | DEBUG    | src.core.clients.api_client:wrapper:31 - Request PATH: /user/alicia88. Body {'id': 597872708, 'username': 'alicia88', 'firstname': 'Helen', 'lastname': 'Schneider', 'email': 'walterscynthia@example.org', 'password': 'F24wdLEr#8', 'phone': '001-800-217-7565x5804', 'user_status': 3}. Header: None Params: None
2025-11-09 01:05:57.475 | DEBUG    | src.core.clients.api_client:wrapper:31 - Request PATH: /store/order/1. Body None. Header: None Params: None
2025-11-09 01:05:57.622 | DEBUG    | src.core.clients.api_client:wrapper:34 - Response from /user/tony36: 404 | 
2025-11-09 01:05:57.627 | ERROR    | src.application.utils.api_assertions:assert_status_code:31 - Invalid response code: 404. Response body: 
2025-11-09 01:05:57.862 | DEBUG    | src.core.clients.api_client:wrapper:34 - Response from /user/matthewblair: 404 | {"code":1,"type":"error","message":"User not found"}
2025-11-09 01:05:57.866 | ERROR    | src.application.utils.api_assertions:assert_status_code:31 - Invalid response code: 404. Response body: {"code":1,"type":"error","message":"User not found"}
2025-11-09 01:05:57.900 | DEBUG    | src.core.clients.api_client:wrapper:34 - Response from /user/alicia88: 200 | {"code":200,"type":"unknown","message":"597872708"}
2025-11-09 01:05:57.903 | DEBUG    | src.application.utils.api_assertions:assert_status_code:29 - Valid response for https://petstore.swagger.io/v2/user/alicia88: {"code":200,"type":"unknown","message":"597872708"}
2025-11-09 01:05:58.535 | DEBUG    | src.core.clients.api_client:wrapper:34 - Response from /store/order/1: 404 | {"code":1,"type":"error","message":"Order not found"}
2025-11-09 01:05:58.540 | ERROR    | src.application.utils.api_assertions:assert_status_code:31 - Invalid response code: 404. Response body: {"code":1,"type":"error","message":"Order not found"}
2025-11-09 01:06:02.795 | DEBUG    | src.core.clients.api_client:wrapper:31 - Request PATH: /user. Body {'id': 793674087, 'username': 'salazarcorey', 'firstname': 'Mary', 'lastname': 'Perry', 'email': 'joel18@example.org', 'password': 'g8Z7cXu6%(', 'phone': '+1-799-568-2924x57054', 'user_status': 1}. Header: None Params: None
2025-11-09 01:06:03.055 | DEBUG    | src.core.clients.api_client:wrapper:31 - Request PATH: /user. Body {'id': 56351, 'username': 'rodriguezashley', 'firstname': 'Melissa', 'lastname': 'Stout', 'email': 'jasonsimmons@example.org', 'password': 'v!3iBOVsq)', 'phone': '001-204-479-1673', 'user_status': 1}. Header: None Params: None
2025-11-09 01:06:03.557 | DEBUG    | src.core.clients.api_client:wrapper:31 - Request PATH: /store/order/1. Body None. Header: None Params: None
2025-11-09 01:06:03.866 | DEBUG    | src.core.clients.api_client:wrapper:34 - Response from /user: 200 | {"code":200,"type":"unknown","message":"793674087"}
2025-11-09 01:06:03.869 | DEBUG    | src.application.utils.api_assertions:assert_status_code:29 - Valid response for https://petstore.swagger.io/v2/user: {"code":200,"type":"unknown","message":"793674087"}
2025-11-09 01:06:03.871 | DEBUG    | src.application.utils.api_assertions:validate_response_model:40 - Valid response model for https://petstore.swagger.io/v2/user: {"code":200,"type":"unknown","message":"793674087"}
2025-11-09 01:06:04.111 | DEBUG    | src.core.clients.api_client:wrapper:34 - Response from /user: 200 | {"code":200,"type":"unknown","message":"56351"}
2025-11-09 01:06:04.114 | DEBUG    | src.application.utils.api_assertions:assert_status_code:29 - Valid response for https://petstore.swagger.io/v2/user: {"code":200,"type":"unknown","message":"56351"}
2025-11-09 01:06:04.116 | DEBUG    | src.application.utils.api_assertions:validate_response_model:40 - Valid response model for https://petstore.swagger.io/v2/user: {"code":200,"type":"unknown","message":"56351"}
2025-11-09 01:06:04.654 | DEBUG    | src.core.clients.api_client:wrapper:34 - Response from /store/order/1: 200 | {"id":1,"petId":15,"quantity":1,"shipDate":"2025-01-06T10:10:08.659+0000","status":"placed","complete":true}
2025-11-09 01:06:04.657 | DEBUG    | src.application.utils.api_assertions:assert_status_code:29 - Valid response for https://petstore.swagger.io/v2/store/order/1: {"id":1,"petId":15,"quantity":1,"shipDate":"2025-01-06T10:10:08.659+0000","status":"placed","complete":true}
2025-11-09 01:06:04.659 | DEBUG    | src.application.utils.api_assertions:validate_response_model:40 - Valid response model for https://petstore.swagger.io/v2/store/order/1: {"id":1,"petId":15,"quantity":1,"shipDate":"2025-01-06T10:10:08.659+0000","status":"placed","complete":true}
2025-11-09 01:06:04.853 | DEBUG    | src.core.clients.api_client:wrapper:31 - Request PATH: /user/createWithList. Body [{'id': 86576660, 'username': 'icarrillo', 'firstname': 'Ryan', 'lastname': 'Craig', 'email': 'robert59@example.com', 'password': 'Yh)G1zZp3+', 'phone': '4742407083', 'user_status': 1}, {'id': 8504310, 'username': 'zbaxter', 'firstname': 'Craig', 'lastname': 'Walker', 'email': 'dawn83@example.org', 'password': '^$DyvGnLw4', 'phone': '(240)898-7517x919', 'user_status': 2}, {'id': 2980, 'username': 'pwoodard', 'firstname': 'Charles', 'lastname': 'Flores', 'email': 'joanne36@example.net', 'password': '9_gpo9TbhE', 'phone': '001-639-777-0571x75529', 'user_status': 4}, {'id': 189241773, 'username': 'angelapope', 'firstname': 'Benjamin', 'lastname': 'Allen', 'email': 'tammycox@example.net', 'password': '*V9r5Vhc&2', 'phone': '619-749-7579x82117', 'user_status': 3}, {'id': 358886, 'username': 'mduncan', 'firstname': 'Susan', 'lastname': 'Morales', 'email': 'russellamy@example.com', 'password': 'A7vpNkvK*d', 'phone': '(602)436-4893', 'user_status': 2}, {'id': 51259, 'username': 'fmeyer', 'firstname': 'Richard', 'lastname': 'Jones', 'email': 'glenn53@example.org', 'password': 'GEO52Vq^(w', 'phone': '606.653.8341x217', 'user_status': 3}, {'id': 607, 'username': 'idouglas', 'firstname': 'Brian', 'lastname': 'Grant', 'email': 'powellmichael@example.net', 'password': '%x9On+1vA1', 'phone': '952.209.0394x040', 'user_status': 2}, {'id': 6, 'username': 'harrisonshannon', 'firstname': 'Alex', 'lastname': 'Payne', 'email': 'sperez@example.org', 'password': 'zJSkcKqk(0', 'phone': '258.699.4976', 'user_status': 5}, {'id': 10, 'username': 'jennifercarter', 'firstname': 'Eric', 'lastname': 'Torres', 'email': 'mindy70@example.com', 'password': 'v9dsIXvA+H', 'phone': '573.475.8926x123', 'user_status': 3}, {'id': 7, 'username': 'unash', 'firstname': 'Matthew', 'lastname': 'Mccann', 'email': 'malik34@example.net', 'password': '%8!T+^hTq0', 'phone': '676.648.9642x36829', 'user_status': 3}]. Header: None Params: None
2025-11-09 01:06:05.903 | DEBUG    | src.core.clients.api_client:wrapper:34 - Response from /user/createWithList: 200 | {"code":200,"type":"unknown","message":"ok"}
2025-11-09 01:06:05.907 | DEBUG    | src.application.utils.api_assertions:assert_status_code:29 - Valid response for https://petstore.swagger.io/v2/user/createWithList: {"code":200,"type":"unknown","message":"ok"}
2025-11-09 01:06:05.908 | DEBUG    | src.application.utils.api_assertions:validate_response_model:40 - Valid response model for https://petstore.swagger.io/v2/user/createWithList: {"code":200,"type":"unknown","message":"ok"}
2025-11-09 01:06:13.873 | DEBUG    | src.core.clients.api_client:wrapper:31 - Request PATH: /user/salazarcorey. Body None. Header: None Params: None
2025-11-09 01:06:14.117 | DEBUG    | src.core.clients.api_client:wrapper:31 - Request PATH: /user/rodriguezashley. Body None. Header: None Params: None
2025-11-09 01:06:14.930 | DEBUG    | src.core.clients.api_client:wrapper:34 - Response from /user/salazarcorey: 404 | 
2025-11-09 01:06:14.935 | ERROR    | src.application.utils.api_assertions:assert_status_code:31 - Invalid response code: 404. Response body: 
2025-11-09 01:06:15.156 | DEBUG    | src.core.clients.api_client:wrapper:34 - Response from /user/rodriguezashley: 200 | {"id":56351,"username":"rodriguezashley","email":"jasonsimmons@example.org","password":"v!3iBOVsq)","phone":"001-204-479-1673","userStatus":0}
2025-11-09 01:06:15.160 | DEBUG    | src.application.utils.api_assertions:assert_status_code:29 - Valid response for https://petstore.swagger.io/v2/user/rodriguezashley: {"id":56351,"username":"rodriguezashley","email":"jasonsimmons@example.org","password":"v!3iBOVsq)","phone":"001-204-479-1673","userStatus":0}
2025-11-09 01:06:15.164 | DEBUG    | src.application.utils.api_assertions:validate_response_model:40 - Valid response model for https://petstore.swagger.io/v2/user/rodriguezashley: {"id":56351,"username":"rodriguezashley","email":"jasonsimmons@example.org","password":"v!3iBOVsq)","phone":"001-204-479-1673","userStatus":0}
2025-11-09 01:06:19.953 | DEBUG    | src.core.clients.api_client:wrapper:31 - Request PATH: /user. Body {'id': 40, 'username': 'christopherross', 'firstname': 'Justin', 'lastname': 'Donovan', 'email': 'odrake@example.com', 'password': '@8xKTFkxaO', 'phone': '991.579.2389x152', 'user_status': 3}. Header: None Params: None
2025-11-09 01:06:21.026 | DEBUG    | src.core.clients.api_client:wrapper:34 - Response from /user: 200 | {"code":200,"type":"unknown","message":"40"}
2025-11-09 01:06:21.030 | DEBUG    | src.application.utils.api_assertions:assert_status_code:29 - Valid response for https://petstore.swagger.io/v2/user: {"code":200,"type":"unknown","message":"40"}
2025-11-09 01:06:21.031 | DEBUG    | src.application.utils.api_assertions:validate_response_model:40 - Valid response model for https://petstore.swagger.io/v2/user: {"code":200,"type":"unknown","message":"40"}
2025-11-09 01:06:31.033 | DEBUG    | src.core.clients.api_client:wrapper:31 - Request PATH: /user/christopherross. Body None. Header: None Params: None
2025-11-09 01:06:32.088 | DEBUG    | src.core.clients.api_client:wrapper:34 - Response from /user/christopherross: 200 | {"code":200,"type":"unknown","message":"christopherross"}
2025-11-09 01:06:32.092 | DEBUG    | src.application.utils.api_assertions:assert_status_code:29 - Valid response for https://petstore.swagger.io/v2/user/christopherross: {"code":200,"type":"unknown","message":"christopherross"}
2025-11-09 01:06:32.100 | DEBUG    | src.core.clients.api_client:wrapper:31 - Request PATH: /user/Not existing user. Body None. Header: None Params: None
2025-11-09 01:06:32.366 | DEBUG    | src.core.clients.api_client:wrapper:34 - Response from /user/Not existing user: 404 | {"code":1,"type":"error","message":"User not found"}
2025-11-09 01:06:32.368 | DEBUG    | src.application.utils.api_assertions:assert_status_code:29 - Valid response for https://petstore.swagger.io/v2/user/Not%20existing%20user: {"code":1,"type":"error","message":"User not found"}
2025-11-09 01:06:32.370 | DEBUG    | src.application.utils.api_assertions:validate_response_model:40 - Valid response model for https://petstore.swagger.io/v2/user/Not%20existing%20user: {"code":1,"type":"error","message":"User not found"}
